Time,ax,ay,az,gx,gy,gz,mx,my,mz
0.0003268718719482422,-0.72,-0.55,0.42,0.06,0.79,-1.65,40.36,35.26,5.7
0.05120491981506348,-0.7,-0.57,0.42,0.06,1.1,-1.71,38.86,36.01,7.8
0.10273098945617676,-0.71,-0.56,0.42,0.12,1.16,-1.4,40.66,35.56,7.8
0.15505099296569824,-0.72,-0.56,0.42,0.0,0.91,-1.22,40.81,35.41,6.9
0.20694303512573242,-0.71,-0.56,0.43,0.0,0.67,-1.16,40.06,35.11,6.6
0.25875091552734375,-0.72,-0.56,0.42,0.0,0.85,-1.22,39.76,35.71,6.9
0.310809850692749,-0.71,-0.56,0.41,0.0,1.04,-1.22,38.56,35.26,6.45
0.3632650375366211,-0.71,-0.56,0.41,0.06,0.91,-1.22,39.16,36.01,6.45
0.41507887840270996,-0.71,-0.55,0.42,0.0,0.85,-1.28,39.46,33.91,6.15
0.467026948928833,-0.71,-0.56,0.42,-0.06,0.67,-1.34,38.71,34.36,5.55
0.518604040145874,-0.71,-0.55,0.42,0.0,0.73,-1.34,40.36,36.31,7.8
0.5708088874816895,-0.71,-0.56,0.4,0.0,0.0,-1.34,39.76,35.41,7.65
0.6248428821563721,-0.71,-0.56,0.42,0.0,0.0,-1.34,39.61,35.26,6.75
0.6781089305877686,-0.71,-0.57,0.42,0.0,-0.37,-1.4,39.01,36.46,5.85
0.7299809455871582,-0.72,-0.55,0.42,-0.12,-0.73,-1.4,39.61,34.81,7.05
0.7824819087982178,-0.72,-0.57,0.41,-0.06,-0.91,-1.28,38.86,33.76,8.1
0.8350708484649658,-0.71,-0.56,0.4,-0.06,-0.49,-1.4,40.36,35.56,7.5
0.8894209861755371,-0.71,-0.56,0.42,-0.06,-0.18,-1.4,38.26,34.66,5.85
0.9422540664672852,-0.72,-0.55,0.43,0.0,0.55,-1.28,39.91,36.01,6.0
0.9944510459899902,-0.71,-0.55,0.43,0.12,1.16,-1.4,39.16,33.76,7.5
1.0470318794250488,-0.72,-0.56,0.41,0.0,1.34,-1.59,40.66,34.51,7.05
1.099134922027588,-0.72,-0.55,0.4,0.06,1.34,-1.59,39.46,35.41,7.2
1.1510040760040283,-0.72,-0.56,0.4,0.0,1.04,-1.46,39.61,34.51,6.75
1.2029318809509277,-0.72,-0.56,0.42,0.0,0.85,-1.59,39.61,34.81,5.7
1.2557718753814697,-0.72,-0.55,0.42,0.0,0.18,-1.59,39.16,33.76,7.5
1.3074870109558105,-0.71,-0.56,0.42,-0.06,-0.49,-1.34,39.01,35.41,7.95
1.3593800067901611,-0.73,-0.56,0.41,-0.06,-0.67,-1.34,38.86,34.81,5.7
1.4113149642944336,-0.71,-0.56,0.42,-0.06,-0.73,-1.28,39.01,36.46,6.9
1.463129997253418,-0.71,-0.56,0.42,0.0,-1.28,-1.1,38.56,34.81,6.75
1.515164852142334,-0.71,-0.56,0.44,-0.06,-1.04,-1.1,39.91,35.26,8.1
1.567080020904541,-0.7,-0.56,0.41,-0.06,-0.67,-1.22,38.11,34.81,7.05
1.619049072265625,-0.71,-0.56,0.42,-0.12,-0.73,-1.04,39.01,35.11,6.6
1.6718919277191162,-0.71,-0.55,0.42,-0.06,-1.22,-1.04,39.76,36.46,6.9
1.7240240573883057,-0.72,-0.56,0.41,-0.12,-1.4,-1.22,38.71,35.71,6.9
1.7762539386749268,-0.72,-0.56,0.41,-0.18,-1.46,-1.1,40.06,36.91,6.6
1.8285119533538818,-0.71,-0.57,0.43,-0.06,-0.67,-1.16,38.71,35.71,6.15
1.8803520202636719,-0.71,-0.56,0.42,0.0,0.43,-1.34,39.76,33.61,6.9
1.9321918487548828,-0.72,-0.56,0.41,0.0,0.55,-1.04,38.71,35.71,6.9
1.9841530323028564,-0.71,-0.55,0.42,-0.06,0.73,-0.98,39.01,34.36,6.6
2.037001848220825,-0.72,-0.55,0.42,-0.06,0.79,-1.1,40.36,34.81,6.45
2.08931303024292,-0.72,-0.55,0.4,0.0,0.73,-1.22,39.16,36.31,6.45
2.141274929046631,-0.72,-0.56,0.41,-0.06,0.43,-1.65,40.51,34.66,7.2
2.1940219402313232,-0.72,-0.56,0.41,0.0,0.37,-1.71,38.86,35.26,7.05
2.245944023132324,-0.72,-0.56,0.43,0.06,0.73,-1.71,39.16,36.31,6.45
2.2978169918060303,-0.71,-0.56,0.42,0.06,1.22,-1.83,39.91,35.26,6.0
2.349864959716797,-0.71,-0.55,0.42,0.06,1.4,-1.95,39.76,35.71,5.85
2.4017958641052246,-0.71,-0.55,0.41,0.06,1.34,-1.77,39.16,36.01,7.8
2.454134941101074,-0.72,-0.56,0.42,0.12,1.34,-1.59,39.76,35.11,6.9
2.506895065307617,-0.71,-0.56,0.4,0.0,0.79,-1.16,38.56,37.06,6.0
2.5590620040893555,-0.71,-0.55,0.41,-0.06,0.18,-1.16,39.91,35.56,5.7
2.6110589504241943,-0.72,-0.56,0.42,-0.06,-0.3,-0.85,38.56,35.26,6.75
2.6629269123077393,-0.72,-0.55,0.42,-0.12,-0.85,-0.79,39.01,35.41,7.2
2.714771032333374,-0.72,-0.56,0.42,-0.06,-1.16,-0.73,39.16,35.56,6.0
2.766653060913086,-0.71,-0.56,0.41,-0.12,-1.77,-0.85,39.91,34.21,7.05
2.8186309337615967,-0.72,-0.56,0.42,-0.12,-1.83,-0.85,39.76,37.21,7.65
2.87072491645813,-0.71,-0.56,0.43,-0.06,-1.16,-0.91,40.51,36.16,6.15
2.923542022705078,-0.72,-0.56,0.41,-0.12,-0.85,-0.79,39.16,36.31,7.5
2.976685047149658,-0.7,-0.56,0.41,-0.06,-0.67,-0.98,39.01,35.41,6.6
3.028604030609131,-0.71,-0.56,0.42,-0.06,-0.55,-0.91,39.01,35.71,5.55
3.080471992492676,-0.71,-0.56,0.42,-0.06,-0.55,-1.16,39.01,35.41,5.85
3.133028984069824,-0.71,-0.56,0.41,-0.06,-0.73,-1.16,39.61,36.76,5.4
3.1848978996276855,-0.72,-0.56,0.43,-0.06,-0.55,-1.34,39.91,34.21,7.8
3.237083911895752,-0.72,-0.56,0.42,-0.06,-1.22,-1.22,39.46,34.36,7.65
3.2896289825439453,-0.71,-0.56,0.41,-0.06,-2.07,-1.34,40.81,35.41,6.6
3.3414459228515625,-0.71,-0.55,0.41,-0.06,-3.23,-1.46,40.81,34.66,5.85
3.3940649032592773,-0.72,-0.56,0.41,-0.06,-4.09,-1.4,40.06,35.11,7.2
3.446259021759033,-0.7,-0.55,0.41,-0.12,-4.15,-1.34,39.61,35.26,6.75
3.4989330768585205,-0.71,-0.56,0.42,-0.18,-4.15,-1.28,38.86,36.01,6.75
3.55062198638916,-0.71,-0.56,0.42,-0.06,-3.05,-1.34,39.46,36.16,6.6
3.6025168895721436,-0.71,-0.55,0.4,-0.06,-2.13,-1.04,38.71,36.16,6.15
3.6545538902282715,-0.71,-0.56,0.41,-0.06,-1.4,-0.98,39.01,34.36,6.9
3.708073854446411,-0.72,-0.56,0.42,-0.06,-0.79,-1.04,40.06,35.11,7.2
3.7604150772094727,-0.71,-0.56,0.42,-0.06,-0.37,-1.16,39.16,33.46,8.1
3.812368869781494,-0.71,-0.56,0.42,-0.12,-0.43,-1.1,39.16,36.01,5.4
3.8643009662628174,-0.7,-0.56,0.41,-0.06,-0.18,-1.1,39.91,33.46,6.75
3.9160659313201904,-0.71,-0.56,0.42,-0.12,-0.18,-0.91,39.61,34.81,8.55
3.9679970741271973,-0.72,-0.56,0.42,-0.06,-0.18,-0.85,38.71,36.91,5.55
4.020114898681641,-0.72,-0.56,0.41,-0.12,0.3,-1.04,40.81,35.71,6.9
4.072804927825928,-0.7,-0.55,0.41,-0.06,1.16,-1.28,39.01,35.41,6.6
4.125037908554077,-0.7,-0.56,0.42,0.0,1.59,-1.59,39.61,35.26,6.75
4.1768999099731445,-0.71,-0.56,0.42,0.06,1.71,-1.52,38.86,36.01,6.75
4.228878021240234,-0.71,-0.57,0.41,0.0,0.3,-0.91,39.61,35.56,7.05
4.280760049819946,-0.71,-0.56,0.42,-0.12,-0.3,-1.04,40.66,36.01,8.55
4.332572937011719,-0.72,-0.56,0.41,-0.06,-0.12,-1.22,39.46,34.66,6.6
4.3844640254974365,-0.72,-0.55,0.43,0.0,0.67,-1.52,39.46,35.41,6.9
4.436363935470581,-0.71,-0.57,0.42,0.12,1.77,-1.71,39.61,36.01,8.1
4.488576889038086,-0.7,-0.56,0.42,0.06,3.05,-1.89,39.91,37.06,7.5
4.540864944458008,-0.71,-0.56,0.42,0.06,3.35,-1.89,39.91,34.81,8.55
4.5927839279174805,-0.7,-0.56,0.42,0.06,3.9,-1.83,39.91,35.56,6.75
4.644794940948486,-0.71,-0.56,0.4,0.18,4.02,-1.77,38.56,36.76,7.05
4.696598052978516,-0.71,-0.56,0.43,0.06,3.6,-1.59,39.01,34.36,7.2
4.748416900634766,-0.71,-0.56,0.42,0.12,3.6,-1.89,39.91,34.81,9.15
4.800961017608643,-0.71,-0.56,0.42,0.0,3.41,-1.95,38.71,35.11,7.65
4.852931022644043,-0.7,-0.56,0.42,0.18,3.41,-2.26,39.46,35.11,6.6
4.906998872756958,-0.71,-0.56,0.41,0.06,2.68,-2.38,39.46,35.41,8.7
4.959974050521851,-0.71,-0.56,0.42,0.12,0.85,-2.07,39.76,35.71,7.65
5.012091875076294,-0.72,-0.56,0.4,0.06,-0.91,-1.77,38.11,34.21,6.75
5.064344882965088,-0.71,-0.56,0.41,0.0,-2.56,-1.46,39.16,34.81,6.75
5.116744041442871,-0.72,-0.56,0.43,-0.06,-3.54,-1.1,39.91,34.81,6.45
5.1690919399261475,-0.71,-0.56,0.42,-0.06,-4.15,-0.91,39.16,34.21,7.8
5.220867872238159,-0.71,-0.56,0.42,-0.06,-4.02,-1.04,39.76,34.36,7.65
5.274026870727539,-0.71,-0.56,0.42,-0.06,-3.41,-1.1,39.01,35.11,6.15
5.327122926712036,-0.71,-0.56,0.42,-0.06,-3.05,-1.04,38.56,33.76,6.75
5.380476951599121,-0.71,-0.56,0.43,-0.06,-3.05,-0.85,39.16,34.21,7.05
5.432339906692505,-0.71,-0.55,0.43,-0.12,-3.35,-0.43,39.91,36.76,7.05
5.484283924102783,-0.71,-0.57,0.42,-0.24,-3.29,-0.18,39.16,34.21,6.45
5.536117076873779,-0.71,-0.57,0.41,-0.3,-2.62,0.0,40.51,36.46,7.2
5.5880959033966064,-0.71,-0.56,0.42,-0.18,-1.71,0.0,39.46,36.16,6.15
5.64120888710022,-0.71,-0.56,0.41,-0.12,-1.1,0.0,39.61,34.21,7.5
5.693121910095215,-0.72,-0.56,0.41,-0.18,-1.22,-0.18,38.26,35.11,7.2
5.7450339794158936,-0.71,-0.56,0.42,-0.12,-1.46,-0.43,41.41,34.51,7.8
5.796875953674316,-0.71,-0.55,0.42,-0.18,-1.95,-0.49,40.51,35.71,7.95
5.8486878871917725,-0.72,-0.56,0.43,-0.18,-2.5,-0.49,39.01,35.71,7.2
5.900807857513428,-0.7,-0.55,0.41,-0.12,-2.8,-0.79,39.01,35.71,7.2
5.9526660442352295,-0.71,-0.57,0.43,0.0,-2.5,-0.85,38.71,35.41,5.1
6.005676984786987,-0.71,-0.56,0.41,-0.06,-1.28,-1.1,38.71,35.71,6.6
6.0581278800964355,-0.71,-0.56,0.41,-0.12,-0.55,-1.04,41.41,36.01,6.45
6.110660076141357,-0.71,-0.56,0.43,0.0,0.67,-1.04,39.46,33.61,5.85
6.162416934967041,-0.71,-0.56,0.42,0.0,1.59,-1.16,39.76,34.66,6.9
6.214242935180664,-0.71,-0.56,0.44,0.0,2.01,-1.28,39.16,37.06,8.55
6.266102075576782,-0.71,-0.56,0.43,0.0,2.07,-1.46,40.06,36.16,7.2
6.317741870880127,-0.71,-0.55,0.42,0.0,1.59,-1.52,39.46,35.41,6.6
6.370280027389526,-0.71,-0.56,0.43,-0.06,1.28,-1.77,40.51,35.71,5.85
6.42261004447937,-0.72,-0.56,0.42,0.12,1.34,-2.26,38.86,35.56,7.5
6.475157976150513,-0.72,-0.56,0.42,0.06,1.52,-2.44,39.61,35.56,6.0
6.527056932449341,-0.72,-0.56,0.42,0.12,1.16,-2.2,38.71,34.36,7.2
6.578927993774414,-0.72,-0.56,0.42,0.06,1.04,-2.13,39.46,36.46,6.9
6.6319050788879395,-0.71,-0.55,0.43,0.06,1.16,-1.89,38.56,36.31,6.0
6.683775901794434,-0.71,-0.56,0.41,0.06,1.34,-1.83,39.76,35.41,7.95
6.735717058181763,-0.7,-0.56,0.42,0.06,1.52,-1.77,40.06,35.11,7.65
6.787888050079346,-0.7,-0.56,0.41,0.0,2.01,-1.71,39.76,34.66,7.95
6.840720891952515,-0.71,-0.56,0.42,0.0,1.46,-1.52,39.16,34.21,7.5
6.892616033554077,-0.72,-0.56,0.41,0.06,0.37,-1.34,39.91,35.56,6.45
6.944509029388428,-0.71,-0.56,0.42,-0.18,-0.24,-1.16,40.96,36.01,7.5
6.996358871459961,-0.72,-0.56,0.41,-0.06,-0.3,-1.16,40.36,35.26,6.0
7.048030853271484,-0.71,-0.56,0.42,-0.12,-1.22,-0.61,39.46,36.16,6.9
7.099951982498169,-0.71,-0.56,0.43,-0.18,-2.26,-0.3,39.61,35.26,5.7
7.151911020278931,-0.71,-0.56,0.41,-0.18,-3.05,-0.12,38.71,36.16,6.9
7.204213857650757,-0.71,-0.55,0.42,-0.12,-3.66,0.0,39.76,33.91,7.2
7.255392074584961,-0.72,-0.56,0.43,-0.24,-4.39,0.06,39.61,36.01,6.75
7.3072919845581055,-0.7,-0.57,0.41,-0.18,-4.63,0.18,39.76,35.41,7.65
7.359339952468872,-0.71,-0.56,0.41,-0.12,-4.57,0.37,39.16,36.01,7.5
7.41129994392395,-0.71,-0.55,0.43,-0.06,-3.84,0.37,39.01,35.11,7.65
7.463178873062134,-0.71,-0.55,0.43,0.0,-3.17,0.18,38.11,34.81,5.4
7.514785051345825,-0.7,-0.56,0.44,0.06,-2.56,0.06,38.26,35.41,5.55
7.566576957702637,-0.7,-0.56,0.43,0.24,-2.07,-0.3,40.51,35.71,6.9
7.618435859680176,-0.71,-0.55,0.42,0.18,-1.59,-0.49,39.76,35.41,6.15
7.67104697227478,-0.71,-0.55,0.42,0.3,-0.85,-0.79,39.91,36.76,7.05
7.72367000579834,-0.72,-0.55,0.41,0.24,0.18,-1.04,39.16,34.81,6.45
7.775830030441284,-0.71,-0.56,0.43,0.18,1.16,-1.16,38.26,35.11,6.6
7.827636003494263,-0.71,-0.56,0.42,0.12,2.01,-1.28,38.71,36.46,6.9
7.879426956176758,-0.71,-0.55,0.42,0.06,2.5,-1.34,38.71,35.71,7.65
7.931336879730225,-0.71,-0.56,0.42,0.0,2.8,-1.34,38.26,35.71,5.85
7.983301877975464,-0.72,-0.55,0.42,0.06,2.87,-1.52,40.96,34.21,6.75
8.035207986831665,-0.71,-0.55,0.42,0.0,2.38,-1.52,38.71,35.41,7.2
8.087563037872314,-0.7,-0.56,0.42,0.0,2.56,-1.59,39.76,36.91,7.65
8.140974044799805,-0.71,-0.56,0.43,0.0,3.48,-1.65,40.51,35.41,7.2
8.192755937576294,-0.71,-0.56,0.42,0.0,4.09,-2.07,40.06,35.41,6.6
8.244700908660889,-0.71,-0.55,0.41,0.06,5.24,-2.32,39.76,35.11,6.6
8.296433925628662,-0.71,-0.55,0.42,0.12,6.71,-2.68,38.11,35.56,6.45
8.348140954971313,-0.73,-0.57,0.39,0.12,1.1,-1.65,39.16,34.51,6.45
8.399996995925903,-0.73,-0.56,0.39,0.12,0.91,-1.59,38.26,34.36,7.2
8.451900005340576,-0.73,-0.56,0.4,0.06,0.67,-1.59,39.16,33.46,7.5
8.504256963729858,-0.73,-0.56,0.38,0.0,0.37,-1.4,40.06,33.31,8.25
8.556670904159546,-0.72,-0.56,0.4,0.0,0.3,-1.4,39.76,33.61,7.2
8.609297037124634,-0.72,-0.56,0.38,0.06,0.55,-1.4,39.91,34.81,7.5
8.6612708568573,-0.72,-0.56,0.4,0.0,0.79,-1.4,40.66,34.21,6.0
8.712841033935547,-0.72,-0.56,0.39,0.0,0.91,-1.22,39.01,34.36,6.6
8.76448392868042,-0.72,-0.56,0.41,0.0,0.98,-1.4,40.36,34.21,6.45
8.816309928894043,-0.73,-0.56,0.39,-0.06,0.73,-0.98,39.46,35.11,6.15
8.868274927139282,-0.72,-0.56,0.38,0.06,0.67,-0.85,39.16,36.01,4.95
8.92014193534851,-0.73,-0.57,0.41,0.0,0.85,-0.91,38.56,36.01,6.0
8.97558307647705,-0.74,-0.56,0.4,-0.12,0.37,-1.04,40.66,34.51,7.5
9.028056859970093,-0.73,-0.55,0.39,0.12,0.49,-1.34,39.16,34.81,7.5
9.081143856048584,-0.73,-0.56,0.39,-0.06,0.43,-1.4,39.46,34.36,6.6
9.133065938949585,-0.72,-0.55,0.39,0.0,0.0,-1.4,39.61,36.01,4.95
9.185426950454712,-0.72,-0.57,0.39,-0.06,-0.3,-1.46,38.56,34.51,7.05
9.239012002944946,-0.72,-0.56,0.39,0.06,-0.73,-1.52,41.26,35.41,7.95
9.291411876678467,-0.72,-0.56,0.4,0.0,-0.3,-1.71,39.76,34.66,6.15
9.343301057815552,-0.72,-0.56,0.39,0.0,0.12,-1.59,39.76,35.11,7.65
9.395745038986206,-0.72,-0.56,0.38,0.12,0.55,-1.59,40.66,33.46,7.05
9.447710037231445,-0.72,-0.56,0.39,0.0,1.04,-1.59,39.46,34.36,7.65
9.499563932418823,-0.73,-0.57,0.39,0.0,0.67,-1.46,38.11,36.01,5.7
9.551476001739502,-0.73,-0.56,0.39,0.0,0.67,-1.34,37.81,34.51,6.45
9.603510856628418,-0.73,-0.57,0.39,-0.06,0.73,-1.16,39.16,35.26,7.5
9.655601978302002,-0.73,-0.57,0.39,0.0,0.79,-1.04,39.16,33.76,6.75
9.708263874053955,-0.72,-0.56,0.39,0.0,0.91,-1.1,38.56,34.51,4.95
9.760238885879517,-0.72,-0.56,0.39,0.0,0.85,-1.04,39.01,33.91,6.6
9.812160015106201,-0.72,-0.56,0.38,0.0,0.43,-1.04,39.46,34.66,6.6
9.864059925079346,-0.71,-0.56,0.38,0.0,0.12,-1.16,39.91,35.26,6.75
9.915778875350952,-0.73,-0.56,0.39,-0.06,-0.18,-1.4,39.76,33.61,6.15
9.967642068862915,-0.73,-0.56,0.4,0.06,0.12,-1.65,39.76,35.11,6.6
10.01948595046997,-0.73,-0.56,0.39,0.06,0.67,-1.71,39.61,34.21,6.0
10.071932077407837,-0.71,-0.57,0.39,0.0,0.91,-1.71,39.16,34.81,6.45
10.124079942703247,-0.71,-0.56,0.41,0.06,1.34,-1.59,38.86,35.56,7.05
10.177031993865967,-0.73,-0.56,0.39,0.06,1.83,-1.4,40.36,33.76,7.05
10.229027032852173,-0.72,-0.57,0.38,0.0,2.2,-1.4,37.81,35.26,6.75
10.280828952789307,-0.73,-0.56,0.38,0.06,2.01,-1.4,40.06,33.91,5.85
10.332579851150513,-0.72,-0.57,0.39,0.06,2.01,-1.52,39.16,35.56,7.05
10.384408950805664,-0.73,-0.56,0.39,0.06,2.01,-1.46,38.71,33.31,7.2
10.436285018920898,-0.73,-0.56,0.39,0.12,1.22,-1.4,38.71,33.91,7.65
10.488602876663208,-0.72,-0.55,0.39,0.0,0.37,-1.1,39.76,33.61,6.9
10.541059970855713,-0.73,-0.56,0.41,-0.18,-0.98,-0.91,38.11,33.76,6.0
10.593356847763062,-0.73,-0.56,0.39,-0.12,-1.89,-0.98,39.61,34.51,7.5
10.645626068115234,-0.73,-0.57,0.38,-0.12,-2.44,-0.85,39.46,32.86,7.65
10.69747805595398,-0.71,-0.57,0.39,-0.12,-2.62,-0.85,39.76,32.56,6.9
10.749397039413452,-0.73,-0.55,0.4,-0.24,-2.68,-0.91,40.06,36.16,7.2
10.801292896270752,-0.72,-0.56,0.4,-0.18,-2.38,-1.1,39.01,34.66,5.55
10.852971076965332,-0.73,-0.56,0.4,-0.12,-1.77,-1.16,40.81,34.36,6.9
10.906378030776978,-0.73,-0.56,0.39,-0.06,-1.34,-1.22,39.91,34.51,7.5
10.958486080169678,-0.72,-0.57,0.38,-0.06,-0.73,-1.22,40.06,33.91,6.15
11.010498046875,-0.72,-0.56,0.39,-0.06,-0.24,-0.98,39.91,34.21,7.8
11.062169075012207,-0.72,-0.56,0.39,-0.12,-0.49,-0.91,39.61,34.81,6.0
11.113791942596436,-0.73,-0.57,0.4,-0.06,-0.67,-0.73,39.16,35.56,6.75
11.16568398475647,-0.73,-0.57,0.39,-0.12,-0.67,-0.98,38.26,34.36,5.55
11.217407941818237,-0.72,-0.56,0.39,-0.06,-0.61,-1.28,37.66,36.16,6.15
11.269248008728027,-0.72,-0.56,0.39,-0.06,-0.98,-1.34,38.86,34.51,5.7
11.321829080581665,-0.73,-0.57,0.39,-0.06,-1.04,-1.34,39.76,35.11,6.6
11.373817920684814,-0.73,-0.56,0.39,0.06,-1.1,-1.34,39.01,33.61,7.65
11.425813913345337,-0.73,-0.56,0.39,-0.06,-0.61,-1.34,38.86,34.51,7.05
11.477690935134888,-0.72,-0.56,0.38,0.0,0.0,-1.4,40.51,33.61,6.6
11.529624938964844,-0.73,-0.57,0.4,0.06,0.67,-1.46,40.51,36.46,6.15
11.581609964370728,-0.73,-0.56,0.39,0.06,0.79,-1.4,41.26,33.31,8.25
11.63376498222351,-0.73,-0.56,0.39,0.0,0.98,-1.4,38.71,35.11,5.85
11.685659885406494,-0.73,-0.57,0.4,0.06,0.67,-1.34,37.66,35.41,6.15
11.7375328540802,-0.72,-0.56,0.4,-0.06,0.18,-1.28,39.91,35.56,6.45
11.789552927017212,-0.73,-0.56,0.39,-0.12,-0.24,-1.4,40.06,34.36,7.65
11.841486930847168,-0.72,-0.56,0.39,-0.06,-0.79,-1.22,40.06,35.71,5.55
11.894195079803467,-0.72,-0.56,0.38,0.0,-0.67,-1.59,39.01,35.11,6.9
11.946377038955688,-0.73,-0.56,0.4,-0.06,-0.67,-1.65,38.86,34.21,6.0
11.99823784828186,-0.72,-0.56,0.4,0.0,0.24,-1.83,38.71,34.66,6.15
12.050155878067017,-0.72,-0.56,0.39,0.12,0.73,-2.01,38.86,34.21,6.75
12.10201907157898,-0.73,-0.55,0.4,0.06,1.16,-2.01,39.46,35.11,6.9
12.153694868087769,-0.72,-0.56,0.4,0.06,0.98,-1.89,39.01,33.91,6.6
12.207594871520996,-0.72,-0.56,0.38,0.12,0.24,-1.77,39.16,34.51,6.45
12.260145902633667,-0.72,-0.56,0.39,-0.06,-0.43,-1.52,40.06,34.36,6.9
12.3122239112854,-0.72,-0.55,0.39,-0.06,-0.43,-1.4,38.26,33.91,6.9
12.364208936691284,-0.73,-0.55,0.4,-0.06,-0.24,-1.4,39.76,35.41,6.9
12.416173934936523,-0.71,-0.56,0.4,0.0,0.37,-1.28,39.76,35.41,5.55
12.468133926391602,-0.72,-0.56,0.4,-0.06,-1.95,-1.16,39.61,35.26,5.4
12.520740032196045,-0.72,-0.57,0.4,-0.06,-2.2,-1.1,39.46,33.61,7.95
12.573505878448486,-0.72,-0.56,0.39,0.0,-1.83,-1.28,39.91,33.76,6.0
12.626070976257324,-0.73,-0.56,0.4,-0.06,-1.22,-1.4,36.91,35.41,6.6
12.678080081939697,-0.73,-0.56,0.4,-0.06,-0.73,-1.28,39.61,35.26,7.05
12.72995400428772,-0.72,-0.57,0.42,-0.06,-0.18,-1.04,40.06,34.36,6.9
12.781552076339722,-0.73,-0.56,0.4,0.0,0.24,-0.91,41.26,33.91,6.9
12.833380937576294,-0.73,-0.56,0.38,-0.18,0.18,-0.85,38.86,33.76,7.8
12.8852698802948,-0.73,-0.56,0.4,-0.12,-0.24,-0.55,39.61,34.21,6.45
12.937313079833984,-0.72,-0.56,0.4,-0.12,-0.67,-0.49,39.16,33.46,6.45
12.98995304107666,-0.72,-0.55,0.4,-0.06,-0.79,-0.67,38.56,36.01,7.05
13.042119979858398,-0.73,-0.56,0.39,-0.06,-0.98,-0.91,39.16,35.56,7.05
13.09542202949524,-0.73,-0.56,0.38,-0.06,-1.28,-1.04,38.56,34.21,7.05
13.147999048233032,-0.72,-0.56,0.4,-0.06,-1.46,-0.98,37.96,33.31,5.1
13.200386047363281,-0.73,-0.56,0.39,-0.06,-0.91,-1.1,40.66,33.46,6.0
13.252776861190796,-0.72,-0.56,0.4,-0.12,-1.04,-0.98,38.26,33.91,6.6
13.306506872177124,-0.72,-0.56,0.39,-0.06,-0.24,-1.28,39.76,34.36,6.15
13.359853029251099,-0.72,-0.56,0.39,0.0,0.12,-1.28,39.91,34.51,6.75
13.420265913009644,-0.72,-0.56,0.39,0.0,0.43,-1.22,39.61,34.51,7.5
13.473641872406006,-0.72,-0.55,0.4,0.06,1.16,-1.59,39.61,35.26,6.45
13.525505065917969,-0.72,-0.56,0.38,0.12,1.52,-1.71,39.61,33.76,7.05
13.577172994613647,-0.73,-0.56,0.4,0.06,1.83,-1.83,39.76,34.36,5.55
13.628964900970459,-0.72,-0.56,0.39,0.0,2.01,-1.83,38.71,34.66,7.2
13.682036876678467,-0.73,-0.56,0.39,0.12,2.13,-1.71,39.16,36.01,7.05
13.733948945999146,-0.73,-0.57,0.4,-0.06,1.71,-1.59,38.86,33.76,6.0
13.785866022109985,-0.72,-0.56,0.39,0.0,2.01,-1.59,39.91,34.21,6.45
13.838603019714355,-0.73,-0.56,0.39,0.06,2.13,-1.59,39.61,35.56,7.5
13.890893936157227,-0.72,-0.56,0.39,0.06,1.59,-1.52,37.81,35.26,7.05
13.94274091720581,-0.72,-0.56,0.39,0.0,1.04,-1.52,39.46,32.11,5.85
13.995162010192871,-0.73,-0.56,0.38,-0.06,0.18,-1.59,38.11,35.26,6.0
14.047114849090576,-0.73,-0.56,0.4,-0.06,-0.73,-1.4,39.91,34.21,7.8
14.098784923553467,-0.73,-0.57,0.39,0.0,-1.95,-1.16,40.51,33.91,7.2
14.150693893432617,-0.73,-0.56,0.41,-0.06,-2.44,-1.1,38.71,35.41,6.9
14.202579975128174,-0.72,-0.56,0.38,-0.06,-1.89,-1.16,39.46,33.61,6.9
14.25544285774231,-0.72,-0.56,0.39,-0.06,-2.13,-0.91,39.01,35.41,7.2
14.308393001556396,-0.72,-0.56,0.38,-0.06,-2.07,-0.73,38.26,33.61,6.9
14.360981941223145,-0.72,-0.56,0.4,-0.06,-2.01,-0.73,39.76,34.66,6.6
14.412982940673828,-0.71,-0.56,0.41,-0.06,-2.01,-0.79,38.86,34.21,6.75
14.465194940567017,-0.73,-0.56,0.39,-0.06,-1.4,-1.04,39.91,34.21,5.7
14.51681399345398,-0.72,-0.56,0.39,-0.12,-1.22,-1.04,39.91,34.21,7.05
14.569293975830078,-0.73,-0.56,0.4,-0.06,-0.73,-0.85,38.71,34.36,6.9
14.621202945709229,-0.72,-0.56,0.39,-0.06,-0.49,-0.79,37.96,34.66,7.95
14.673902034759521,-0.72,-0.57,0.4,-0.06,-0.49,-0.91,39.01,34.36,7.2
14.725769996643066,-0.72,-0.56,0.4,0.06,0.18,-1.34,40.06,35.11,7.2
14.778779029846191,-0.73,-0.55,0.39,0.06,2.13,-1.89,39.61,34.21,6.45
14.831019878387451,-0.73,-0.56,0.39,0.06,1.16,-1.95,38.26,35.11,5.55
14.882587909698486,-0.73,-0.56,0.39,0.12,1.1,-2.07,39.91,35.56,6.0
14.93441104888916,-0.73,-0.57,0.4,0.06,0.85,-1.95,40.66,34.51,7.8
14.98635196685791,-0.73,-0.56,0.41,0.12,0.79,-2.07,40.96,36.01,7.05
15.040045022964478,-0.72,-0.56,0.38,0.06,0.85,-2.01,41.26,34.36,6.9
15.092612981796265,-0.72,-0.56,0.39,0.12,0.67,-1.95,39.91,35.56,7.05
15.144307851791382,-0.71,-0.56,0.4,0.06,0.67,-1.77,38.71,33.91,7.2
15.196075916290283,-0.73,-0.56,0.39,0.12,0.49,-1.65,39.16,34.81,5.7
15.247808933258057,-0.72,-0.57,0.4,0.12,0.67,-1.4,38.56,35.56,7.5
15.299721002578735,-0.73,-0.56,0.39,0.0,0.0,-1.34,39.61,34.21,5.7
15.351644039154053,-0.73,-0.56,0.41,-0.12,-0.06,-1.16,39.01,33.91,6.9
15.403722047805786,-0.73,-0.57,0.38,0.06,0.0,-1.22,38.56,35.26,6.75
15.45585584640503,-0.73,-0.56,0.4,-0.06,-0.67,-0.98,38.86,34.51,6.0
15.509428977966309,-0.73,-0.57,0.4,-0.12,-1.52,-0.85,39.61,33.76,6.0
15.562095880508423,-0.73,-0.56,0.4,-0.06,-2.26,-0.49,39.91,34.81,6.75
15.61472487449646,-0.72,-0.56,0.4,-0.12,-2.93,-0.37,39.61,34.81,5.7
15.666140079498291,-0.72,-0.56,0.39,-0.18,-2.99,-0.61,40.96,34.81,7.05
15.717694997787476,-0.72,-0.56,0.39,-0.06,-2.5,-0.85,40.06,34.66,6.15
15.769510984420776,-0.72,-0.56,0.39,-0.06,-2.07,-0.98,40.66,34.81,6.45
15.822283029556274,-0.73,-0.56,0.4,-0.06,-1.46,-1.1,39.46,34.66,6.9
15.875859022140503,-0.72,-0.56,0.4,-0.06,-0.85,-1.22,38.11,33.76,7.5
15.928355932235718,-0.73,-0.56,0.39,-0.06,-0.3,-1.22,40.51,34.66,5.85
15.980283975601196,-0.73,-0.55,0.39,0.0,0.79,-1.46,40.06,33.61,5.55
16.03197193145752,-0.73,-0.56,0.39,0.06,0.85,-1.77,38.26,35.71,6.9
16.083899974822998,-0.72,-0.56,0.4,0.12,1.16,-1.83,38.86,33.46,5.7
16.136430978775024,-0.73,-0.56,0.4,0.12,0.98,-1.83,40.06,34.66,7.2
16.188884973526,-0.73,-0.56,0.39,0.06,0.49,-1.83,38.26,34.36,5.55
16.240768909454346,-0.72,-0.57,0.39,0.0,0.06,-1.77,38.11,36.31,4.95
16.29288387298584,-0.72,-0.55,0.4,-0.06,-0.43,-1.65,38.86,35.26,5.7
16.344791889190674,-0.72,-0.56,0.41,0.0,-0.55,-1.71,39.76,33.91,7.2
16.396600008010864,-0.72,-0.57,0.4,0.0,-0.18,-1.59,38.86,33.46,7.8
16.448384046554565,-0.71,-0.55,0.39,0.0,-0.3,-1.46,40.51,35.41,5.85
16.500264883041382,-0.72,-0.55,0.41,0.0,0.24,-1.4,38.56,34.81,6.0
16.552151918411255,-0.73,-0.56,0.4,0.06,0.73,-1.28,39.01,35.11,6.6
16.60442590713501,-0.73,-0.57,0.39,0.0,0.73,-1.46,40.36,34.51,5.7
16.657176971435547,-0.73,-0.56,0.39,0.0,1.22,-1.52,39.91,34.51,6.0
16.709089040756226,-0.72,-0.57,0.39,0.06,1.34,-1.52,39.91,33.76,6.45
16.761168003082275,-0.72,-0.55,0.39,0.18,1.16,-1.59,39.01,33.91,6.6
16.812764883041382,-0.73,-0.57,0.4,0.0,0.85,-1.4,38.71,33.91,7.95
16.864503860473633,-0.73,-0.56,0.4,-0.06,0.3,-1.16,39.61,33.76,7.8
16.916383981704712,-0.73,-0.56,0.39,0.0,0.06,-1.1,40.81,33.91,7.2
16.968337059020996,-0.72,-0.56,0.38,0.0,0.06,-1.28,38.86,34.81,6.75
17.020201921463013,-0.73,-0.56,0.4,0.0,0.43,-1.16,39.46,33.91,7.2
17.072751998901367,-0.73,-0.56,0.39,0.0,0.67,-1.22,40.36,33.76,6.75
17.125171899795532,-0.73,-0.56,0.39,-0.06,0.79,-1.28,40.06,33.91,6.6
17.177165031433105,-0.72,-0.56,0.39,-0.12,0.61,-1.28,39.76,34.36,7.2
17.22913408279419,-0.73,-0.56,0.39,0.0,0.37,-1.22,38.71,35.71,6.15
17.281362056732178,-0.73,-0.56,0.39,0.0,0.0,-1.34,37.96,34.36,7.95
17.333647966384888,-0.72,-0.56,0.4,-0.06,-0.37,-1.28,39.76,34.36,6.15
17.38604187965393,-0.72,-0.57,0.4,-0.06,-0.43,-1.28,39.46,34.66,6.6
17.44087290763855,-0.73,-0.56,0.39,-0.18,-0.37,-1.16,38.56,33.46,6.45
17.49432897567749,-0.73,-0.56,0.4,0.0,0.0,-1.28,39.01,35.11,5.55
17.54738187789917,-0.73,-0.56,0.4,0.0,0.67,-1.4,38.86,34.51,7.8
17.59938406944275,-0.73,-0.56,0.39,0.06,0.79,-1.46,39.16,35.26,6.75
17.651326894760132,-0.72,-0.56,0.39,0.06,0.73,-1.34,39.91,34.51,7.8
17.703186988830566,-0.72,-0.56,0.39,0.0,0.49,-1.46,39.16,36.01,6.0
17.755440950393677,-0.73,-0.56,0.39,0.0,0.24,-1.4,38.56,35.26,7.05
17.809850931167603,-0.73,-0.56,0.4,0.0,0.0,-1.28,40.36,34.21,7.05
17.861772060394287,-0.72,-0.56,0.4,0.06,0.37,-1.28,39.46,35.41,6.6
17.913668870925903,-0.73,-0.57,0.39,0.0,0.67,-1.28,40.06,33.61,6.6
17.9655179977417,-0.72,-0.56,0.38,0.0,0.85,-1.4,40.81,33.91,6.6
18.017101049423218,-0.72,-0.56,0.37,0.0,0.79,-1.4,40.06,35.41,6.6
18.06888198852539,-0.72,-0.57,0.39,0.06,0.67,-1.4,39.01,35.11,5.55
18.120933055877686,-0.73,-0.56,0.38,0.0,0.3,-1.4,39.16,34.51,6.45
18.174193859100342,-0.73,-0.56,0.39,0.0,-0.3,-1.4,39.91,34.51,7.5
18.226119995117188,-0.73,-0.56,0.38,-0.06,-0.79,-1.28,39.76,34.36,6.6
18.278076887130737,-0.72,-0.56,0.38,0.0,-0.79,-1.1,40.36,34.21,6.0
18.32990789413452,-0.74,-0.56,0.39,-0.12,-0.85,-0.98,37.96,35.11,7.2
18.38184905052185,-0.73,-0.56,0.39,-0.06,-0.67,-1.1,39.46,33.91,6.6
18.43374991416931,-0.72,-0.57,0.39,-0.06,-0.55,-1.1,40.36,34.51,7.8
18.485692977905273,-0.72,-0.56,0.39,-0.06,-0.67,-1.22,39.46,33.61,7.2
18.538102865219116,-0.72,-0.56,0.39,-0.06,-0.55,-1.34,38.86,35.26,6.75
18.591238021850586,-0.73,-0.56,0.39,0.06,0.0,-1.22,40.06,33.61,5.55
18.64358901977539,-0.72,-0.57,0.41,0.0,0.37,-1.22,39.01,33.91,7.2
18.695512056350708,-0.73,-0.55,0.38,0.0,0.98,-1.34,39.16,34.81,6.75
18.747406005859375,-0.72,-0.56,0.39,0.0,1.22,-1.16,39.16,36.01,5.7
18.79931092262268,-0.72,-0.56,0.38,0.0,0.67,-1.1,39.16,34.51,5.4
18.851253032684326,-0.73,-0.56,0.4,-0.06,0.0,-1.1,39.91,34.21,6.75
18.903194904327393,-0.73,-0.56,0.4,-0.06,-0.85,-1.1,39.01,35.41,7.65
18.955607891082764,-0.73,-0.56,0.39,-0.06,-1.34,-1.34,37.81,34.81,4.95
19.00792098045349,-0.73,-0.57,0.39,0.0,-1.28,-1.52,38.26,34.36,6.6
19.060715913772583,-0.73,-0.56,0.4,0.0,-0.91,-1.52,39.61,35.26,5.7
19.112783908843994,-0.72,-0.56,0.4,-0.06,-0.3,-1.65,40.66,35.56,7.8
19.164430856704712,-0.72,-0.56,0.39,0.0,0.3,-1.59,39.91,34.81,6.45
19.21633291244507,-0.73,-0.56,0.39,0.06,1.22,-1.59,39.61,33.76,7.05
19.26824688911438,-0.72,-0.57,0.4,0.06,1.34,-1.4,40.06,33.91,6.9
19.32003092765808,-0.73,-0.56,0.38,0.06,1.4,-1.28,39.61,35.56,7.05
19.373626947402954,-0.73,-0.56,0.39,0.0,0.79,-1.22,39.91,35.26,7.05
19.425688982009888,-0.72,-0.57,0.4,0.06,0.37,-1.22,38.86,33.46,5.4
19.477590084075928,-0.73,-0.56,0.4,-0.06,-0.55,-1.22,39.76,33.91,6.15
19.529449939727783,-0.72,-0.57,0.39,-0.06,-1.59,-1.16,39.46,33.61,7.65
19.581336975097656,-0.72,-0.56,0.39,-0.06,-2.2,-1.28,39.61,34.21,7.05
19.63321089744568,-0.73,-0.56,0.39,-0.06,-2.56,-1.04,39.46,33.31,6.9
19.685139894485474,-0.73,-0.56,0.39,-0.06,-2.8,-1.04,38.56,34.81,6.45
19.73720097541809,-0.73,-0.57,0.38,-0.18,-2.62,-0.85,39.46,33.61,5.55
19.78919291496277,-0.72,-0.56,0.4,-0.12,-2.2,-0.79,39.91,34.21,7.05
19.84123992919922,-0.73,-0.56,0.4,-0.12,-1.89,-0.73,40.66,34.51,7.8
19.893887042999268,-0.72,-0.56,0.4,-0.12,-1.28,-0.85,38.56,36.01,6.45
19.94642686843872,-0.72,-0.56,0.39,-0.12,-1.04,-0.79,40.51,35.71,7.65
19.998503923416138,-0.73,-0.56,0.38,0.0,-0.73,-1.1,39.76,35.71,6.6
20.05043601989746,-0.72,-0.56,0.41,0.0,-0.24,-1.4,40.51,35.41,5.85
20.102345943450928,-0.73,-0.57,0.39,-0.06,-0.43,-1.52,40.06,35.71,6.9
20.154792070388794,-0.73,-0.56,0.4,0.06,-0.73,-1.52,38.71,35.41,6.9
20.207195043563843,-0.73,-0.56,0.39,-0.06,-0.61,-1.52,40.51,33.31,5.1
20.259772062301636,-0.73,-0.56,0.4,0.0,-0.55,-1.1,39.91,34.81,4.95
20.312986850738525,-0.73,-0.56,0.4,0.0,-0.55,-1.1,40.36,33.46,7.5
20.36469793319702,-0.72,-0.55,0.4,-0.06,-0.24,-1.1,39.76,34.66,6.15
20.41652488708496,-0.73,-0.56,0.39,0.0,0.18,-1.22,37.21,35.11,6.6
20.468395948410034,-0.72,-0.56,0.4,0.0,0.67,-1.28,39.16,35.26,7.5
20.520421981811523,-0.73,-0.56,0.4,0.0,1.46,-1.46,40.06,34.66,7.65
20.573085069656372,-0.73,-0.56,0.39,0.0,1.65,-1.52,39.46,34.66,6.9
20.624847888946533,-0.73,-0.56,0.39,0.0,1.77,-1.4,37.21,36.46,6.15
20.67672896385193,-0.74,-0.56,0.39,-0.06,1.65,-1.28,38.86,35.26,5.7
20.728554010391235,-0.73,-0.55,0.39,-0.12,-1.04,-1.04,40.06,34.66,5.85
20.78063988685608,-0.72,-0.56,0.39,-0.12,-1.04,-1.04,40.36,36.01,7.5
20.83226490020752,-0.72,-0.57,0.4,-0.06,-1.04,-0.91,39.76,34.36,8.25
20.884196043014526,-0.72,-0.56,0.4,-0.12,-1.04,-0.98,39.61,34.21,7.5
20.936792850494385,-0.72,-0.56,0.4,-0.06,-0.67,-1.22,39.01,33.31,5.85
20.989428997039795,-0.73,-0.56,0.4,-0.06,-0.55,-1.22,39.16,34.81,7.8
21.041281938552856,-0.72,-0.57,0.42,0.06,0.24,-1.34,38.86,33.76,5.7
21.093921899795532,-0.73,-0.56,0.39,0.0,0.49,-1.34,38.11,34.81,7.5
21.145828008651733,-0.72,-0.56,0.4,0.06,0.3,-1.22,39.16,35.56,6.75
21.197761058807373,-0.73,-0.56,0.41,-0.12,0.3,-1.04,40.06,35.71,7.65
21.24945592880249,-0.72,-0.56,0.39,-0.12,0.18,-0.91,39.01,34.36,7.65
21.301289081573486,-0.72,-0.56,0.39,0.0,0.3,-1.1,40.06,35.71,6.15
21.354032039642334,-0.72,-0.56,0.4,-0.06,-0.18,-1.16,39.76,35.71,5.1
21.408082962036133,-0.72,-0.56,0.38,-0.12,-0.3,-1.16,39.46,35.11,4.8
21.461302995681763,-0.72,-0.57,0.4,0.0,0.43,-1.22,40.06,35.11,5.1
21.5140118598938,-0.72,-0.55,0.39,0.06,0.85,-1.59,39.76,35.11,6.15
21.56636905670166,-0.72,-0.56,0.39,0.0,1.16,-1.83,39.76,35.11,6.6
21.618213891983032,-0.72,-0.57,0.41,0.0,1.16,-1.71,39.76,34.66,6.6
21.670979976654053,-0.73,-0.56,0.39,0.0,1.4,-1.52,39.46,35.11,5.1
21.7236590385437,-0.72,-0.57,0.39,0.06,1.22,-1.52,39.76,33.91,6.15
21.77591586112976,-0.72,-0.56,0.41,0.0,1.16,-1.65,39.61,35.56,6.45
21.828135013580322,-0.73,-0.56,0.4,0.06,1.22,-1.65,37.66,35.11,6.15
21.880033016204834,-0.73,-0.56,0.4,0.06,1.16,-1.52,38.56,34.81,7.5
21.9319748878479,-0.73,-0.56,0.39,0.06,0.73,-1.59,38.71,34.66,6.15
21.983913898468018,-0.72,-0.56,0.38,0.0,0.73,-1.52,38.26,35.41,7.65
22.036664962768555,-0.71,-0.55,0.39,0.0,0.67,-1.34,39.91,33.76,6.45
22.08944296836853,-0.72,-0.57,0.38,0.0,0.55,-1.34,38.71,35.11,6.6
22.141167879104614,-0.72,-0.56,0.39,0.06,0.49,-1.28,39.16,34.51,7.05
22.19392704963684,-0.73,-0.56,0.38,0.0,0.12,-1.16,39.46,35.11,7.2
22.24595594406128,-0.73,-0.55,0.38,0.06,0.06,-1.1,39.76,35.11,7.2
22.29776906967163,-0.73,-0.56,0.4,0.06,0.0,-1.28,39.61,36.31,4.95
22.349660873413086,-0.73,-0.57,0.39,0.0,-0.24,-1.28,40.81,33.61,6.6
22.40155792236328,-0.72,-0.56,0.4,-0.18,-0.49,-1.28,38.86,34.51,5.4
22.453738927841187,-0.73,-0.56,0.4,-0.18,-1.16,-1.16,39.76,34.66,7.65
22.506978034973145,-0.73,-0.56,0.39,-0.06,-1.34,-1.22,37.96,33.61,5.85
22.56035304069519,-0.73,-0.56,0.39,-0.06,-1.59,-1.1,39.46,34.66,7.65
22.612480878829956,-0.73,-0.55,0.4,-0.06,-1.52,-1.1,39.91,33.76,4.95
22.66415500640869,-0.72,-0.55,0.4,-0.06,-0.85,-1.22,39.76,35.11,6.6
22.715796947479248,-0.72,-0.56,0.39,0.0,0.3,-1.4,39.46,34.36,5.85
22.768321990966797,-0.72,-0.56,0.39,0.12,1.52,-1.46,39.76,35.11,6.15
22.820321083068848,-0.73,-0.56,0.4,0.0,1.83,-1.22,39.61,35.26,6.45
22.872984886169434,-0.72,-0.56,0.39,-0.06,1.65,-1.22,39.76,35.41,5.55
22.925230026245117,-0.73,-0.55,0.38,0.0,1.22,-1.34,39.91,36.76,6.0
22.977115869522095,-0.73,-0.56,0.38,0.0,0.37,-1.28,39.16,34.21,6.75
23.0291850566864,-0.72,-0.56,0.41,-0.06,-0.55,-1.34,40.51,34.36,6.15
23.081156969070435,-0.73,-0.56,0.4,-0.06,-1.28,-1.4,38.11,34.21,7.05
23.133238077163696,-0.72,-0.55,0.41,-0.06,-1.04,-1.4,40.06,33.61,7.65
23.18523907661438,-0.72,-0.56,0.39,-0.06,-0.37,-1.59,39.91,34.51,6.45
23.237406015396118,-0.73,-0.56,0.39,0.0,0.0,-1.59,39.46,35.41,6.9
23.290745973587036,-0.73,-0.56,0.39,0.0,0.06,-1.52,39.76,33.91,7.65
23.343179941177368,-0.73,-0.56,0.4,0.0,0.55,-1.46,38.26,35.41,7.2
23.395362854003906,-0.72,-0.56,0.4,0.06,1.1,-1.46,38.71,34.36,6.9
23.447304010391235,-0.73,-0.56,0.39,0.0,1.22,-1.46,39.16,34.21,7.05
23.499985933303833,-0.73,-0.55,0.41,0.0,0.91,-1.65,39.91,34.81,7.5
23.55194902420044,-0.73,-0.56,0.4,0.06,0.49,-1.46,40.06,36.46,7.65
23.604241847991943,-0.72,-0.55,0.4,-0.12,-0.06,-1.4,40.06,34.36,6.6
23.65663194656372,-0.72,-0.56,0.39,-0.12,-0.49,-1.34,40.36,34.21,6.45
23.708549976348877,-0.72,-0.56,0.4,-0.12,-0.85,-1.28,39.76,35.11,7.65
23.761159896850586,-0.72,-0.56,0.39,-0.06,-1.1,-1.16,40.51,34.66,6.9
23.81346607208252,-0.72,-0.56,0.39,-0.06,-1.1,-1.1,39.91,34.81,6.45
23.865203857421875,-0.72,-0.56,0.4,-0.06,-1.22,-1.04,39.16,34.51,7.05
23.91701102256775,-0.72,-0.56,0.39,-0.12,-1.04,-1.1,39.61,35.56,6.75
23.968886852264404,-0.71,-0.55,0.41,0.0,-0.67,-1.34,40.36,34.21,8.1
24.021002054214478,-0.72,-0.56,0.4,-0.12,-0.55,-1.28,39.76,33.91,7.2
24.07429003715515,-0.72,-0.56,0.39,-0.12,-0.24,-1.28,39.61,35.26,7.5
24.12680697441101,-0.73,-0.57,0.38,-0.06,-0.24,-1.1,38.26,35.41,7.2
24.178972005844116,-0.72,-0.56,0.4,-0.18,-0.85,-0.98,40.06,34.36,5.85
24.230633020401,-0.72,-0.56,0.39,-0.18,-0.91,-1.04,39.16,35.56,5.4
24.282531023025513,-0.72,-0.56,0.41,-0.18,-1.1,-0.98,38.26,35.11,6.15
24.334367036819458,-0.73,-0.56,0.38,-0.06,-1.1,-1.04,39.01,34.36,5.55
24.386281967163086,-0.72,-0.57,0.39,-0.24,-1.16,-0.91,38.26,35.11,5.85
24.440250873565674,-0.72,-0.55,0.39,-0.12,-1.71,-1.16,39.46,34.66,6.9
24.492220878601074,-0.72,-0.56,0.4,-0.12,-1.52,-1.22,41.26,35.11,5.55
24.54417395591736,-0.72,-0.56,0.4,-0.06,-1.52,-1.04,38.71,33.61,6.15
24.596093893051147,-0.72,-0.56,0.41,-0.18,-1.16,-1.1,38.86,34.81,6.75
24.648930072784424,-0.73,-0.56,0.39,-0.06,-0.3,-1.16,40.36,35.26,5.7
24.700756072998047,-0.73,-0.56,0.39,0.0,0.67,-1.16,39.16,35.26,6.0
24.752691984176636,-0.73,-0.55,0.39,0.0,0.98,-1.1,38.71,35.71,7.2
24.808430910110474,-0.72,-0.56,0.39,0.0,2.01,-1.28,40.06,33.91,6.632842
24.8606059551239,-0.74,-0.57,0.4,-0.06,-2.44,-0.85,38.71,34.66,6.9
24.914593935012817,-0.73,-0.56,0.39,-0.06,-2.2,-0.91,39.01,34.36,6.9
24.966585874557495,-0.72,-0.56,0.39,-0.12,-2.44,-0.91,39.91,35.26,6.45
25.018329858779907,-0.72,-0.56,0.39,-0.06,-2.68,-1.04,37.66,35.41,6.6
25.070239067077637,-0.74,-0.56,0.4,-0.06,-2.99,-1.04,39.76,34.36,6.9
25.123234033584595,-0.73,-0.56,0.39,-0.12,-2.8,-0.98,40.36,33.46,6.75
25.175276041030884,-0.72,-0.55,0.38,-0.12,-2.44,-1.16,39.16,34.21,6.45
25.227752923965454,-0.73,-0.56,0.4,-0.18,-2.13,-1.04,38.11,34.51,6.75
25.27967095375061,-0.73,-0.56,0.4,-0.12,-1.77,-1.16,40.36,35.26,6.0
25.331531047821045,-0.73,-0.56,0.41,-0.06,-1.1,-1.4,38.86,35.26,7.05
25.384150981903076,-0.73,-0.56,0.39,-0.12,-0.06,-1.65,39.46,35.71,6.9
25.436227083206177,-0.72,-0.56,0.39,0.06,1.34,-2.01,38.86,34.21,4.95
25.488569021224976,-0.71,-0.56,0.42,0.0,2.74,-2.26,41.26,34.36,7.65
25.541539907455444,-0.72,-0.57,0.4,0.12,3.6,-2.13,39.76,35.71,5.85
25.59481692314148,-0.72,-0.56,0.4,0.06,4.39,-2.2,38.86,34.51,6.75
25.648043870925903,-0.72,-0.57,0.4,0.06,4.15,-2.13,39.91,36.76,5.7
25.70055603981018,-0.72,-0.55,0.4,0.06,3.66,-1.95,39.91,34.81,6.75
25.752579927444458,-0.73,-0.56,0.4,0.06,2.56,-1.83,39.16,35.56,6.75
25.805227994918823,-0.72,-0.56,0.4,0.06,1.46,-1.65,39.76,35.41,5.85
25.85724687576294,-0.72,-0.55,0.39,-0.06,0.67,-1.46,39.16,35.26,8.1
25.909190893173218,-0.73,-0.56,0.4,-0.12,-0.67,-1.22,40.51,33.31,7.2
25.961190938949585,-0.72,-0.57,0.4,0.0,-1.28,-1.04,40.06,34.66,6.6
26.01318907737732,-0.71,-0.56,0.4,-0.06,-1.52,-0.98,39.76,33.91,6.9
26.06511902809143,-0.72,-0.56,0.41,-0.12,-1.52,-0.61,39.46,35.41,7.65
26.116994857788086,-0.72,-0.56,0.39,-0.18,-1.59,-0.49,40.06,35.41,7.65
26.16862201690674,-0.72,-0.56,0.4,-0.06,-1.71,-0.49,39.76,35.11,6.9
26.21976900100708,-0.72,-0.56,0.41,-0.18,-2.07,-0.49,40.81,35.11,5.55
26.272912979125977,-0.71,-0.56,0.4,-0.12,-2.56,-0.67,40.36,33.76,8.55
26.32530903816223,-0.73,-0.55,0.4,-0.06,-2.74,-0.73,39.61,34.81,7.05
26.377285957336426,-0.72,-0.57,0.39,-0.06,-2.44,-1.1,37.36,34.81,7.8
26.429265022277832,-0.73,-0.56,0.41,-0.06,-1.95,-0.98,38.71,34.66,6.9
26.4812068939209,-0.72,-0.57,0.4,-0.06,-1.28,-1.1,39.76,35.11,6.9
26.533297061920166,-0.73,-0.56,0.4,-0.06,-0.43,-1.16,39.91,34.51,8.1
26.58509588241577,-0.72,-0.56,0.4,0.06,0.43,-1.28,37.81,34.21,6.0
26.63690495491028,-0.72,-0.56,0.39,0.0,1.34,-1.4,39.16,36.31,6.45
26.689379930496216,-0.73,-0.56,0.4,0.06,2.01,-1.77,38.86,34.21,8.1
26.742761850357056,-0.72,-0.56,0.41,0.12,2.38,-2.26,39.61,34.21,6.75
26.795081853866577,-0.73,-0.56,0.39,0.18,2.93,-2.5,40.06,35.11,8.25
26.846946001052856,-0.72,-0.56,0.41,0.06,3.41,-2.5,39.16,34.81,6.75
26.89882206916809,-0.74,-0.55,0.41,0.12,3.66,-2.62,40.06,33.61,7.65
26.95076894760132,-0.72,-0.56,0.39,0.12,4.27,-2.5,39.01,36.16,6.9
27.00264596939087,-0.73,-0.56,0.4,0.12,4.33,-2.5,39.76,34.36,5.85
27.054696083068848,-0.72,-0.55,0.4,0.06,4.57,-2.5,38.86,34.21,8.55
27.10712695121765,-0.73,-0.57,0.4,0.18,4.57,-2.44,40.81,35.41,6.9
27.15964102745056,-0.73,-0.56,0.4,0.0,4.7,-2.44,39.16,35.26,7.05
27.21166205406189,-0.73,-0.56,0.39,0.12,4.7,-2.26,40.06,33.61,6.6
27.26350688934326,-0.73,-0.56,0.4,0.06,4.82,-1.95,40.66,35.26,6.45
27.31519389152527,-0.72,-0.57,0.4,0.0,4.82,-1.89,38.26,35.11,7.2
27.36675190925598,-0.72,-0.56,0.39,0.18,4.57,-1.77,39.76,33.31,6.6
27.418372869491577,-0.73,-0.56,0.39,0.12,3.9,-1.65,39.46,34.66,6.9
27.47042202949524,-0.73,-0.56,0.39,0.06,2.99,-1.52,39.61,35.26,7.05
27.522634029388428,-0.72,-0.56,0.39,0.0,2.13,-1.59,38.71,34.66,7.2
27.574609994888306,-0.73,-0.57,0.39,0.0,1.34,-1.77,37.96,35.41,7.65
27.627256870269775,-0.73,-0.57,0.4,0.0,0.55,-1.52,39.76,34.36,6.15
27.67926287651062,-0.72,-0.56,0.39,-0.06,-0.55,-1.34,39.16,34.51,8.1
27.731203079223633,-0.73,-0.56,0.39,-0.06,-1.22,-1.04,39.01,33.61,7.2
27.78290891647339,-0.73,-0.57,0.39,-0.12,-1.89,-0.91,39.91,34.21,8.1
27.834572076797485,-0.72,-0.56,0.38,-0.12,-1.95,-0.85,39.46,35.41,6.6
27.886609077453613,-0.73,-0.56,0.4,-0.06,-1.71,-0.73,38.71,34.36,7.2
27.939882040023804,-0.72,-0.56,0.39,-0.12,-1.89,-0.55,39.01,33.31,5.55
27.992281913757324,-0.72,-0.56,0.4,-0.12,-2.32,-0.24,39.76,33.91,6.9
28.044267892837524,-0.72,-0.56,0.39,-0.12,-3.17,-0.12,40.06,36.16,7.2
28.09606695175171,-0.73,-0.56,0.4,-0.18,-3.84,0.24,39.61,34.21,8.1
28.148032903671265,-0.72,-0.56,0.4,-0.24,-4.51,0.3,40.06,35.41,6.15
28.19992685317993,-0.73,-0.55,0.4,-0.24,-4.82,0.24,37.66,35.71,6.9
28.252585887908936,-0.73,-0.56,0.39,-0.24,-4.63,-0.12,39.16,33.76,6.45
28.305073976516724,-0.73,-0.56,0.4,-0.12,-4.09,-0.3,40.36,35.26,7.05
28.357315063476562,-0.72,-0.56,0.38,-0.24,-3.48,-0.43,40.81,35.11,8.25
28.409203052520752,-0.72,-0.56,0.4,-0.24,-3.35,-0.55,38.86,34.81,6.45
28.461847066879272,-0.72,-0.56,0.39,-0.18,-2.99,-0.73,39.76,35.71,6.15
28.51350998878479,-0.72,-0.56,0.41,-0.12,-2.56,-0.73,39.46,35.41,5.85
28.565346002578735,-0.72,-0.57,0.4,-0.12,-2.13,-0.85,40.81,33.91,6.6
28.618533849716187,-0.72,-0.56,0.39,-0.06,-1.59,-0.98,41.41,33.76,5.4
28.670947074890137,-0.73,-0.56,0.4,-0.06,-1.34,-1.04,40.06,34.66,7.65
28.72319197654724,-0.73,-0.56,0.4,-0.06,-0.79,-1.1,39.76,34.36,7.95
28.77633786201477,-0.72,-0.56,0.4,0.0,0.0,-1.16,38.86,34.81,7.8
28.834596872329712,-0.72,-0.56,0.4,0.0,0.79,-1.34,39.16,34.51,7.8
28.886924982070923,-0.73,-0.56,0.4,0.06,1.04,-1.34,39.91,34.51,6.45
28.940672874450684,-0.72,-0.56,0.41,0.0,0.67,-1.1,40.36,34.81,7.5
28.992388010025024,-0.73,-0.56,0.38,0.0,-0.3,-1.1,39.91,33.01,6.45
29.044224977493286,-0.73,-0.57,0.38,-0.06,-1.1,-1.1,40.81,34.36,6.9
29.09614896774292,-0.73,-0.56,0.39,-0.06,-1.52,-0.98,39.61,34.51,6.45
29.148037910461426,-0.73,-0.56,0.4,0.06,-1.95,-1.22,39.76,35.11,5.55
29.20117998123169,-0.72,-0.57,0.39,-0.06,-1.95,-1.1,37.66,34.66,7.65
29.253511905670166,-0.72,-0.56,0.39,-0.06,-1.95,-1.16,39.91,36.76,6.45
29.30442500114441,-0.73,-0.56,0.39,-0.18,-2.07,-1.04,39.76,32.86,7.2
29.355578899383545,-0.72,-0.55,0.4,-0.12,-1.95,-0.85,39.16,34.81,6.0
29.408458948135376,-0.72,-0.56,0.38,-0.06,-1.4,-0.73,40.81,33.61,5.85
29.46078896522522,-0.73,-0.56,0.4,-0.06,-0.98,-0.79,39.16,34.81,7.8
29.512852907180786,-0.72,-0.56,0.4,-0.12,-0.73,-0.79,39.61,35.26,5.7
29.564769983291626,-0.73,-0.56,0.4,-0.06,-0.49,-0.79,39.76,35.41,6.9
29.617218017578125,-0.73,-0.56,0.4,0.06,0.06,-1.04,38.26,33.61,6.6
29.66909694671631,-0.73,-0.56,0.39,0.0,0.49,-1.28,38.86,36.01,6.45
29.72156596183777,-0.73,-0.56,0.39,0.0,0.3,-1.28,39.91,34.81,6.75
29.775630950927734,-0.73,-0.56,0.39,0.0,-0.12,-1.22,40.36,34.21,6.75
29.828386068344116,-0.73,-0.55,0.4,-0.12,-0.85,-1.16,39.46,32.56,8.25
29.880675077438354,-0.72,-0.55,0.39,-0.18,-1.22,-1.1,39.61,34.81,7.5
29.93299698829651,-0.73,-0.55,0.38,-0.12,-1.46,-1.16,39.91,34.81,7.05
29.984808921813965,-0.73,-0.56,0.4,-0.06,-1.16,-1.16,39.76,35.41,6.6
30.036815881729126,-0.72,-0.56,0.39,-0.06,-0.98,-1.46,38.26,34.66,5.85
30.08844304084778,-0.73,-0.56,0.41,0.06,-0.91,-1.59,39.61,32.71,7.8
30.141952991485596,-0.73,-0.56,0.4,-0.06,-0.67,-1.59,39.01,34.36,5.55
30.19403100013733,-0.73,-0.56,0.39,-0.06,-0.43,-1.28,39.91,35.26,5.4
30.245928049087524,-0.73,-0.56,0.39,-0.06,-0.79,-1.22,38.56,34.21,7.05
30.297883987426758,-0.73,-0.56,0.39,-0.12,-1.34,-0.98,39.01,33.91,7.2
30.349788904190063,-0.73,-0.56,0.39,-0.06,-1.71,-0.73,40.66,34.81,6.75
30.401805877685547,-0.72,-0.56,0.4,-0.18,-2.07,-0.85,36.46,34.36,5.55
30.45416498184204,-0.73,-0.56,0.39,-0.06,-2.32,-1.04,40.36,33.76,7.5
30.507004976272583,-0.73,-0.55,0.39,-0.06,-2.5,-1.16,38.71,32.86,7.65
30.559346914291382,-0.72,-0.56,0.4,0.0,-1.89,-1.16,38.56,33.76,5.7
30.611095905303955,-0.72,-0.56,0.4,-0.18,-1.1,-1.04,39.76,33.31,6.9
30.6629159450531,-0.73,-0.56,0.41,-0.06,-1.1,-1.04,38.86,33.76,6.75
30.71519899368286,-0.73,-0.56,0.39,-0.06,-1.34,-1.16,39.01,35.41,5.55
30.766947984695435,-0.73,-0.56,0.39,-0.06,-2.2,-1.4,39.16,34.21,6.45
30.818553924560547,-0.72,-0.56,0.39,-0.06,-2.56,-1.65,39.91,36.01,5.7
30.87063193321228,-0.73,-0.56,0.39,-0.06,-3.29,-1.59,37.66,33.91,6.15
30.922574996948242,-0.73,-0.56,0.39,0.0,-3.84,-1.71,39.01,34.66,6.6
30.975489854812622,-0.72,-0.55,0.38,0.0,-4.15,-1.71,40.51,35.71,5.85
31.027658939361572,-0.72,-0.56,0.4,-0.12,-3.6,-1.52,40.06,33.91,7.95
31.07988691329956,-0.73,-0.56,0.4,0.0,-2.68,-1.46,39.01,36.46,7.2
31.131852865219116,-0.73,-0.56,0.4,-0.06,-1.46,-1.46,38.56,33.46,6.75
31.183881998062134,-0.72,-0.56,0.39,-0.12,-0.73,-1.22,40.66,36.31,7.5
31.235800981521606,-0.72,-0.56,0.42,-0.06,-0.18,-1.34,38.26,34.66,5.85
31.288774013519287,-0.72,-0.56,0.4,0.06,0.37,-1.34,39.76,34.36,7.65
31.340805053710938,-0.72,-0.55,0.41,0.06,0.43,-1.28,38.71,33.61,7.2
31.392646074295044,-0.73,-0.56,0.41,0.0,0.18,-1.1,39.01,35.41,5.85
31.4444899559021,-0.72,-0.56,0.4,0.0,0.12,-1.34,39.16,34.81,7.05
31.49694299697876,-0.72,-0.55,0.39,0.06,0.18,-1.34,39.46,34.66,6.6
31.54859685897827,-0.73,-0.56,0.41,-0.12,-0.43,-1.34,39.61,35.56,6.45
31.600389003753662,-0.72,-0.56,0.38,-0.06,-0.67,-1.71,38.56,34.21,7.05
31.65338706970215,-0.73,-0.56,0.4,0.06,-0.91,-1.65,39.01,34.66,6.15
31.705220937728882,-0.73,-0.56,0.39,0.0,-1.59,-1.71,39.01,34.66,6.15
31.758355855941772,-0.73,-0.55,0.4,-0.06,-1.59,-1.65,39.76,35.11,5.85
31.810122966766357,-0.72,-0.56,0.4,-0.06,-1.77,-1.59,39.01,33.31,6.15
31.86196804046631,-0.73,-0.55,0.39,-0.06,-0.98,-1.65,39.46,34.36,7.65
31.91382598876953,-0.72,-0.56,0.39,0.0,0.3,-1.4,38.86,34.21,5.4
31.96570587158203,-0.73,-0.56,0.39,0.0,1.16,-1.28,39.61,35.26,6.75
32.01701498031616,-0.72,-0.56,0.4,0.0,2.01,-1.28,38.26,34.36,6.9
32.06817603111267,-0.72,-0.56,0.4,0.0,2.01,-1.16,39.16,34.81,6.0
32.12009906768799,-0.72,-0.56,0.38,0.06,1.59,-1.22,37.96,35.11,6.15
32.17254090309143,-0.72,-0.56,0.39,0.0,1.16,-1.04,37.36,34.51,7.8
32.22497892379761,-0.73,-0.56,0.39,0.0,0.06,-1.04,39.16,34.21,7.5
32.27760100364685,-0.73,-0.56,0.41,-0.06,-0.67,-1.22,39.76,34.36,5.85
32.329489946365356,-0.72,-0.55,0.4,-0.12,-1.16,-1.28,38.56,34.51,5.4
32.381996870040894,-0.72,-0.57,0.39,-0.12,-0.79,-1.16,39.01,34.36,6.15
32.433964014053345,-0.72,-0.56,0.39,-0.06,-0.55,-1.04,38.71,34.66,6.15
32.48587894439697,-0.73,-0.56,0.41,-0.06,-0.61,-1.04,39.76,36.16,5.85
32.53876805305481,-0.72,-0.56,0.4,-0.12,-0.06,-1.04,37.96,34.36,6.6
32.59137487411499,-0.72,-0.56,0.42,-0.06,0.18,-1.04,39.61,33.76,7.8
32.643332958221436,-0.73,-0.56,0.4,0.0,1.1,-1.16,39.46,35.41,6.6
32.69536900520325,-0.73,-0.56,0.4,0.0,1.34,-1.1,39.61,34.81,6.0
32.747283935546875,-0.72,-0.56,0.39,0.06,1.77,-1.4,38.86,34.51,7.05
32.79918599128723,-0.72,-0.56,0.41,0.0,2.2,-1.52,38.71,36.16,6.15
32.85120105743408,-0.73,-0.55,0.39,0.0,1.4,-1.46,38.71,34.36,5.85
32.903995990753174,-0.73,-0.56,0.4,0.0,0.12,-1.4,38.11,35.56,6.75
32.95619201660156,-0.72,-0.56,0.39,-0.06,-0.98,-1.04,39.76,34.36,6.15
33.009230852127075,-0.72,-0.55,0.4,-0.24,-1.77,-0.91,40.06,34.36,6.9
33.06146192550659,-0.73,-0.56,0.4,-0.06,-1.89,-1.16,39.61,34.21,7.5
33.11334800720215,-0.71,-0.56,0.39,0.0,-0.43,-1.89,40.66,35.26,5.7
33.16608786582947,-0.72,-0.56,0.4,-0.06,-0.43,-1.83,39.01,32.86,6.6
33.218530893325806,-0.72,-0.55,0.4,0.0,0.0,-1.59,38.86,36.01,6.45
33.270493030548096,-0.72,-0.55,0.41,0.06,0.3,-1.65,39.76,35.71,6.15
33.322514057159424,-0.72,-0.56,0.41,0.0,1.4,-1.77,39.61,35.56,6.75
33.37444305419922,-0.73,-0.56,0.4,0.0,2.13,-1.77,38.71,34.66,7.65
33.427103996276855,-0.72,-0.56,0.41,0.12,2.2,-1.83,39.16,34.81,6.0
33.478924036026,-0.73,-0.55,0.41,0.06,2.56,-1.95,39.46,35.41,7.2
33.5304799079895,-0.73,-0.57,0.38,0.18,2.68,-1.95,39.01,34.66,6.6
33.58209991455078,-0.73,-0.56,0.4,0.12,2.68,-1.95,38.26,35.11,6.9
33.633898973464966,-0.72,-0.56,0.4,0.06,1.89,-1.77,39.16,36.01,6.45
33.68643593788147,-0.73,-0.56,0.41,0.0,0.98,-1.59,38.56,35.26,6.45
33.740334033966064,-0.73,-0.56,0.4,0.06,0.3,-1.52,40.66,33.01,7.5
33.793367862701416,-0.73,-0.56,0.39,-0.12,-0.24,-1.34,39.46,35.41,6.6
33.845447063446045,-0.73,-0.56,0.4,-0.06,-0.73,-1.1,39.76,34.66,6.9
33.897639989852905,-0.72,-0.56,0.39,-0.12,-1.22,-1.04,40.81,34.66,7.65
33.95064401626587,-0.72,-0.57,0.39,-0.06,-0.98,-1.04,39.01,34.66,6.9
34.00293707847595,-0.72,-0.56,0.4,-0.06,-0.73,-1.1,38.86,34.21,7.05
34.056504011154175,-0.72,-0.56,0.4,-0.06,-0.37,-1.1,39.01,35.11,5.85
34.109533071517944,-0.73,-0.56,0.39,-0.06,-0.18,-1.1,38.56,34.81,7.05
34.16124391555786,-0.72,-0.56,0.39,0.06,0.06,-1.04,38.11,32.71,6.75
34.21377086639404,-0.73,-0.56,0.39,-0.12,-0.06,-0.98,39.91,33.46,6.45
34.265702962875366,-0.72,-0.56,0.42,-0.12,-0.61,-0.85,37.36,35.26,6.45
34.317302942276,-0.72,-0.56,0.39,-0.18,-0.79,-0.85,39.76,36.16,5.85
34.3684618473053,-0.72,-0.56,0.38,-0.06,-0.91,-1.04,39.01,35.71,6.6
34.420307874679565,-0.73,-0.56,0.39,-0.06,-0.67,-1.22,39.61,34.81,5.7
34.473273038864136,-0.73,-0.57,0.41,-0.06,-0.37,-1.28,39.46,34.36,6.6
34.525222063064575,-0.72,-0.56,0.4,-0.06,-0.67,-1.34,39.16,34.21,4.95
34.57711887359619,-0.71,-0.56,0.4,-0.06,-0.55,-1.34,39.16,34.51,5.7
34.62875986099243,-0.73,-0.55,0.4,-0.06,-0.3,-1.34,39.91,36.31,6.75
34.680383920669556,-0.73,-0.55,0.4,-0.06,0.37,-1.4,38.86,34.81,6.45
34.732215881347656,-0.72,-0.56,0.4,0.0,1.1,-1.52,39.16,34.51,6.0
34.784173011779785,-0.72,-0.56,0.41,0.0,1.46,-1.52,39.61,34.21,7.05
34.83664393424988,-0.72,-0.55,0.4,0.06,1.34,-1.4,39.76,35.11,6.9
34.888476848602295,-0.72,-0.55,0.4,0.0,1.1,-1.46,39.16,34.21,5.7
34.94052600860596,-0.73,-0.56,0.4,0.0,0.67,-1.34,40.51,34.36,7.2
34.992491006851196,-0.73,-0.55,0.41,0.0,0.0,-1.1,39.16,34.51,6.75
35.04412794113159,-0.72,-0.55,0.4,-0.12,-0.18,-0.91,40.06,34.66,6.6
35.09598398208618,-0.72,-0.55,0.42,-0.18,-0.49,-0.91,39.46,35.41,6.9
35.14790391921997,-0.73,-0.56,0.4,-0.06,-0.67,-0.85,38.11,35.56,6.75
35.199832916259766,-0.73,-0.56,0.39,-0.12,-0.49,-0.91,40.36,34.51,6.0
35.25187301635742,-0.72,-0.56,0.39,-0.06,-0.12,-1.1,39.16,35.56,6.0
35.30368995666504,-0.72,-0.55,0.41,-0.06,-0.24,-1.1,40.66,36.31,5.4
35.355737924575806,-0.72,-0.56,0.41,-0.12,-0.18,-1.16,39.46,34.66,4.8
35.408971071243286,-0.73,-0.56,0.4,0.0,0.0,-1.04,39.01,32.56,6.6
35.46132302284241,-0.73,-0.56,0.4,0.0,0.37,-1.22,40.81,35.71,5.85
35.51361298561096,-0.73,-0.56,0.4,0.0,0.67,-1.52,38.26,35.11,6.6
35.56606388092041,-0.72,-0.56,0.41,0.06,1.34,-1.52,39.76,36.16,6.6
35.61794590950012,-0.73,-0.56,0.4,-0.06,1.16,-1.59,39.91,34.51,7.8
35.6696720123291,-0.72,-0.55,0.39,0.12,1.46,-1.65,39.91,34.51,6.45
35.721811056137085,-0.73,-0.56,0.4,0.0,1.83,-1.59,39.01,34.36,6.6
35.77549195289612,-0.72,-0.56,0.4,0.12,1.34,-1.59,39.01,34.66,7.2
35.82819890975952,-0.73,-0.56,0.4,-0.06,1.1,-1.46,38.56,34.51,6.45
35.880074977874756,-0.73,-0.56,0.4,0.0,0.73,-1.46,39.76,35.71,6.6
35.931922912597656,-0.72,-0.56,0.41,0.06,0.55,-1.46,38.71,34.36,6.6
35.98385190963745,-0.71,-0.55,0.4,0.12,0.3,-1.46,38.86,34.51,8.1
36.035897970199585,-0.71,-0.56,0.39,-0.06,0.12,-1.28,37.66,35.41,7.2
36.08814287185669,-0.72,-0.56,0.4,-0.12,-0.3,-0.98,39.91,34.51,7.05
36.140209913253784,-0.71,-0.57,0.39,-0.06,-0.49,-1.1,38.56,35.26,6.45
36.19252800941467,-0.72,-0.56,0.41,-0.06,-0.61,-1.16,39.01,34.36,6.9
36.24446392059326,-0.73,-0.56,0.39,-0.12,-0.73,-1.04,40.51,35.71,6.6
36.29680895805359,-0.72,-0.56,0.39,-0.06,-0.18,-0.91,39.91,34.81,6.45
36.34838795661926,-0.73,-0.56,0.4,-0.06,-0.18,-0.73,38.86,34.21,7.05
36.40005087852478,-0.73,-0.56,0.4,-0.24,-0.3,-0.67,40.96,36.01,7.05
36.45167899131775,-0.72,-0.56,0.38,-0.18,-0.49,-0.85,40.06,35.11,7.65
36.50380301475525,-0.73,-0.56,0.4,-0.12,-1.04,-0.85,39.61,33.76,6.75
36.55585503578186,-0.73,-0.57,0.41,-0.12,-1.1,-0.98,39.46,35.41,6.15
36.60805606842041,-0.72,-0.56,0.39,-0.06,-0.98,-1.22,38.71,33.91,6.15
36.66012501716614,-0.72,-0.55,0.4,-0.06,-0.91,-1.4,39.61,34.51,6.45
36.71240592002869,-0.72,-0.56,0.4,0.0,0.0,-1.77,39.46,36.16,6.15
36.76526999473572,-0.73,-0.56,0.41,0.06,0.3,-1.83,38.56,34.51,6.75
36.81714200973511,-0.72,-0.56,0.39,0.12,0.85,-1.83,37.66,36.16,6.6
36.86913299560547,-0.71,-0.56,0.39,0.06,1.52,-1.95,40.36,34.51,6.0
36.921427965164185,-0.72,-0.56,0.39,0.06,1.4,-1.89,39.46,33.91,7.65
36.97365188598633,-0.72,-0.55,0.39,0.06,1.1,-1.89,39.01,35.11,6.15
37.02567005157471,-0.72,-0.57,0.4,0.12,1.22,-1.77,39.61,35.56,7.5
37.07788395881653,-0.73,-0.56,0.39,0.12,0.98,-1.71,38.71,35.11,6.6
37.130435943603516,-0.72,-0.56,0.41,0.06,0.79,-1.65,39.61,34.81,8.1
37.18233799934387,-0.72,-0.56,0.41,0.06,0.0,-1.4,39.16,34.51,6.0
37.234158992767334,-0.72,-0.56,0.41,-0.06,-1.22,-1.22,40.36,33.76,7.05
37.286144971847534,-0.73,-0.56,0.4,-0.06,-0.73,-1.46,40.36,33.46,7.05
37.338204860687256,-0.72,-0.56,0.4,-0.06,-0.37,-1.46,39.46,35.41,6.6
37.39006686210632,-0.72,-0.56,0.39,-0.06,-0.37,-1.46,38.86,33.76,7.05
37.442049980163574,-0.72,-0.56,0.4,-0.06,-0.24,-1.52,39.91,35.26,7.8
37.49395298957825,-0.72,-0.55,0.39,-0.06,-0.37,-1.34,40.36,33.46,6.75
37.54588294029236,-0.72,-0.55,0.4,-0.06,-0.3,-1.34,39.01,35.41,7.65
37.59841299057007,-0.72,-0.56,0.4,-0.06,-0.3,-1.22,40.06,33.91,7.2
37.65029692649841,-0.71,-0.56,0.39,0.0,0.0,-1.4,40.36,35.56,6.45
37.70216703414917,-0.73,-0.56,0.39,0.0,-0.3,-1.4,38.71,34.66,5.85
37.754425048828125,-0.72,-0.55,0.38,0.0,0.0,-1.46,40.96,34.51,6.45
37.806570053100586,-0.71,-0.55,0.41,0.0,0.24,-1.46,40.06,34.66,8.7
37.858691930770874,-0.72,-0.56,0.4,0.0,0.43,-1.4,38.86,34.81,7.05
37.91249108314514,-0.73,-0.56,0.41,0.06,0.43,-1.28,40.51,33.91,6.9
37.96569085121155,-0.72,-0.55,0.39,-0.06,0.18,-1.22,39.46,33.91,6.6
38.017910957336426,-0.72,-0.56,0.39,0.0,0.24,-1.04,39.91,35.26,6.45
38.0702018737793,-0.71,-0.56,0.4,0.0,0.18,-0.91,39.46,35.41,4.8
38.12267994880676,-0.73,-0.56,0.39,-0.12,-0.43,-0.79,39.76,35.11,6.6
38.17496395111084,-0.72,-0.56,0.39,-0.18,-0.67,-0.85,37.96,34.36,5.1
38.226924896240234,-0.72,-0.56,0.39,-0.06,-0.91,-0.98,40.81,35.11,6.6
38.27892804145813,-0.72,-0.56,0.39,-0.12,-1.22,-1.04,40.06,34.66,7.95
38.33170986175537,-0.72,-0.56,0.41,-0.06,-1.16,-1.22,37.36,34.21,6.75
38.383641958236694,-0.72,-0.56,0.4,-0.06,-1.71,-1.04,40.51,34.36,6.15
38.43570685386658,-0.72,-0.56,0.39,-0.12,-2.07,-0.85,38.56,34.81,6.0
38.48788094520569,-0.72,-0.56,0.39,-0.06,-1.71,-1.04,40.36,34.81,6.45
38.54043102264404,-0.73,-0.56,0.41,-0.06,-1.46,-1.04,38.71,35.41,7.2
38.59237790107727,-0.71,-0.55,0.4,-0.18,-0.91,-1.04,39.76,33.61,6.6
38.64489197731018,-0.73,-0.56,0.4,-0.12,-0.3,-1.22,40.51,34.66,6.9
38.696901082992554,-0.71,-0.56,0.39,0.0,0.37,-1.16,39.16,34.51,4.95
38.749027967453,-0.72,-0.56,0.42,0.0,0.67,-1.28,39.16,35.56,7.05
38.80081486701965,-0.71,-0.56,0.4,0.06,0.79,-1.34,41.26,34.66,7.2
38.85264992713928,-0.72,-0.55,0.4,0.06,0.73,-1.4,40.66,33.76,5.7
38.90537190437317,-0.72,-0.55,0.4,-0.06,0.18,-1.34,40.06,32.86,6.15
38.957682847976685,-0.72,-0.57,0.4,-0.06,-0.43,-1.28,38.11,35.26,7.05
39.0102379322052,-0.73,-0.56,0.4,-0.06,-0.67,-1.22,37.96,34.36,6.6
39.06227207183838,-0.71,-0.56,0.41,-0.06,-0.61,-1.4,38.56,35.56,7.05
39.11420488357544,-0.72,-0.56,0.4,0.06,-0.3,-1.4,39.91,36.01,6.75
39.16673994064331,-0.73,-0.56,0.41,-0.06,-0.12,-1.34,38.86,34.51,5.4
39.219061851501465,-0.72,-0.56,0.4,0.0,0.18,-1.16,40.06,34.36,6.9
39.271677017211914,-0.72,-0.56,0.4,0.06,1.04,-1.28,39.61,36.31,7.05
39.32363986968994,-0.72,-0.56,0.4,0.06,0.43,-1.22,38.56,35.56,6.45
39.37611198425293,-0.72,-0.56,0.4,0.06,0.0,-1.1,39.91,36.01,6.0
39.42811703681946,-0.73,-0.57,0.38,0.0,0.0,-1.1,40.06,34.66,6.9
39.48002004623413,-0.73,-0.56,0.41,-0.06,-0.12,-1.04,39.46,36.16,7.2
39.53193187713623,-0.72,-0.56,0.39,0.0,0.18,-1.34,39.16,35.56,6.0
39.583585023880005,-0.72,-0.56,0.4,0.06,0.3,-1.34,39.16,35.56,6.0
39.635457038879395,-0.72,-0.56,0.41,0.0,0.24,-1.16,39.91,34.81,8.1
39.68776798248291,-0.72,-0.56,0.4,0.0,0.3,-1.16,39.76,35.71,6.9
39.740450859069824,-0.72,-0.56,0.41,0.0,0.24,-1.28,38.71,35.71,6.9
39.79235005378723,-0.72,-0.56,0.4,0.0,0.67,-1.4,39.46,34.66,6.6
39.8447380065918,-0.72,-0.56,0.4,0.12,0.98,-1.46,39.76,35.71,6.6
39.89738202095032,-0.72,-0.57,0.41,0.0,1.46,-1.65,37.36,34.81,7.5
39.949333906173706,-0.71,-0.56,0.4,0.06,2.26,-1.95,38.71,34.66,5.55
40.00130891799927,-0.72,-0.56,0.4,0.18,2.07,-2.07,39.76,34.36,7.65
40.05328702926636,-0.72,-0.56,0.39,0.06,2.5,-1.95,40.06,35.11,7.2
40.10522389411926,-0.72,-0.56,0.4,0.12,2.26,-1.71,39.61,34.81,7.05
40.15748405456543,-0.73,-0.56,0.4,0.06,1.83,-1.65,40.06,34.66,6.15
40.20997190475464,-0.73,-0.56,0.4,0.06,1.04,-1.65,39.46,34.36,7.2
40.26196599006653,-0.73,-0.55,0.38,0.06,0.55,-1.52,39.76,32.56,7.65
40.31377196311951,-0.73,-0.56,0.39,0.12,0.67,-1.59,38.11,36.01,5.7
40.365962982177734,-0.72,-0.57,0.38,0.06,0.12,-1.28,39.46,35.71,6.9
40.417906045913696,-0.72,-0.56,0.4,0.0,0.06,-1.16,40.06,35.41,5.85
40.46975493431091,-0.71,-0.56,0.4,0.0,0.0,-0.98,40.36,34.51,9.6
40.52162504196167,-0.72,-0.56,0.4,0.0,0.37,-0.98,39.46,34.36,6.9
40.57403802871704,-0.72,-0.56,0.41,0.0,0.67,-1.1,38.86,36.01,6.45
40.625802993774414,-0.72,-0.56,0.42,0.12,0.79,-1.16,40.36,34.81,6.0
40.67813301086426,-0.73,-0.56,0.39,0.06,0.67,-1.4,38.26,36.16,5.85
40.730664014816284,-0.71,-0.56,0.4,0.0,0.12,-1.28,37.96,35.71,5.85
40.78271794319153,-0.71,-0.56,0.41,-0.06,-0.49,-1.28,37.66,34.66,6.15
40.83494305610657,-0.72,-0.55,0.39,-0.06,-1.04,-0.98,38.71,34.36,5.85
40.88674187660217,-0.73,-0.56,0.38,-0.18,-1.83,-0.85,39.01,33.61,6.15
40.93867301940918,-0.72,-0.56,0.4,-0.12,-1.83,-0.85,39.76,34.66,6.6
40.99063205718994,-0.73,-0.55,0.41,-0.06,-1.1,-1.04,37.96,35.71,6.6
41.042293071746826,-0.72,-0.56,0.42,0.0,0.0,-1.22,39.91,34.21,8.1
41.0941219329834,-0.72,-0.56,0.41,-0.06,0.37,-1.28,39.46,34.36,6.9
41.145962953567505,-0.73,-0.56,0.39,0.06,0.79,-1.52,39.46,34.36,6.15
41.199501037597656,-0.72,-0.56,0.41,0.0,1.22,-1.46,40.36,35.26,6.0
41.25209403038025,-0.72,-0.57,0.4,0.0,0.98,-1.34,40.36,35.56,6.45
41.30425691604614,-0.72,-0.55,0.4,0.0,0.73,-1.28,40.66,34.51,7.05
41.35619592666626,-0.72,-0.56,0.4,-0.12,-1.95,-0.79,39.61,34.51,6.75
41.40830898284912,-0.72,-0.56,0.39,-0.12,-1.4,-0.98,38.71,35.71,6.15
41.4608850479126,-0.72,-0.56,0.41,-0.06,-0.98,-1.1,38.71,35.71,7.95
41.514167070388794,-0.72,-0.56,0.41,-0.06,-0.18,-1.28,38.26,35.71,6.15
41.56594705581665,-0.73,-0.56,0.39,0.0,0.37,-1.52,39.76,34.36,6.9
41.61802101135254,-0.73,-0.55,0.41,0.0,0.43,-1.52,39.16,35.26,4.95
41.669872999191284,-0.72,-0.56,0.4,0.06,0.67,-1.65,38.56,35.26,6.45
41.72189402580261,-0.72,-0.56,0.4,0.12,0.73,-1.71,39.46,35.71,6.15
41.77439308166504,-0.72,-0.55,0.4,0.06,0.55,-1.83,38.71,33.91,5.1
41.82615804672241,-0.72,-0.56,0.4,0.06,0.3,-1.71,39.01,35.11,7.65
41.87842106819153,-0.71,-0.56,0.4,0.0,0.0,-1.46,39.91,34.81,6.75
41.93138003349304,-0.71,-0.56,0.4,-0.06,-0.12,-1.4,39.61,35.56,7.5
41.98386597633362,-0.72,-0.57,0.4,0.0,0.12,-1.28,37.81,34.81,7.5
42.036498069763184,-0.73,-0.55,0.41,-0.06,-0.24,-1.1,40.81,35.11,6.6
42.08852696418762,-0.72,-0.57,0.4,0.06,0.12,-1.16,38.71,34.66,6.9
42.141315937042236,-0.73,-0.56,0.41,-0.06,0.12,-1.04,39.16,35.26,5.7
42.193305015563965,-0.71,-0.56,0.4,0.0,0.49,-1.04,41.26,34.66,5.55
42.24605703353882,-0.71,-0.57,0.4,0.0,0.79,-1.04,39.61,35.26,7.05
42.29941487312317,-0.71,-0.55,0.39,-0.06,0.79,-1.04,38.86,35.26,6.0
42.352133989334106,-0.72,-0.56,0.39,0.0,0.49,-0.98,39.16,34.51,6.75
42.40441107749939,-0.73,-0.56,0.4,0.0,0.0,-0.85,40.06,34.66,5.55
42.45627403259277,-0.73,-0.56,0.38,-0.06,-0.67,-0.98,40.36,35.56,7.5
42.508633852005005,-0.73,-0.56,0.41,-0.06,-0.85,-1.16,38.26,35.71,5.85
42.56127905845642,-0.72,-0.56,0.4,-0.12,-0.61,-1.34,39.76,34.66,6.9
42.61320900917053,-0.72,-0.56,0.4,-0.06,-0.79,-1.46,38.86,36.01,7.05
42.66647386550903,-0.72,-0.56,0.4,-0.06,-0.73,-1.46,38.26,34.66,6.15
42.71837091445923,-0.72,-0.57,0.4,0.0,-0.24,-1.59,39.46,35.41,6.9
42.770477056503296,-0.72,-0.55,0.4,0.0,0.0,-1.4,39.61,33.76,7.8
42.82317900657654,-0.71,-0.56,0.41,0.06,0.67,-1.52,38.71,34.66,6.15
42.87527108192444,-0.72,-0.56,0.42,0.06,1.4,-1.71,38.86,35.26,6.45
42.927217960357666,-0.72,-0.56,0.4,0.0,1.65,-1.71,39.91,35.26,4.65
42.979063987731934,-0.72,-0.57,0.4,0.12,1.46,-1.65,39.46,34.36,7.2
43.03147506713867,-0.73,-0.56,0.4,0.06,0.79,-1.46,38.56,35.56,6.75
43.08340406417847,-0.72,-0.56,0.41,0.0,0.49,-1.4,38.11,34.21,7.05
43.13566303253174,-0.72,-0.56,0.39,-0.06,-0.18,-1.34,39.76,33.91,5.85
43.1879608631134,-0.73,-0.56,0.41,-0.06,-1.28,-1.04,39.46,34.66,6.9
43.240134954452515,-0.72,-0.56,0.4,-0.18,-1.71,-0.73,39.01,35.11,6.15
43.2920880317688,-0.72,-0.56,0.39,-0.12,-1.77,-0.67,39.16,34.51,6.75
43.3445520401001,-0.72,-0.56,0.4,-0.06,-1.59,-0.79,38.56,34.21,7.8
43.39752793312073,-0.73,-0.56,0.4,-0.06,-1.4,-0.79,39.46,34.36,6.15
43.44946599006653,-0.73,-0.56,0.41,-0.12,-1.22,-0.85,38.56,36.01,5.7
43.501370906829834,-0.73,-0.56,0.4,-0.06,-1.16,-0.73,38.71,34.36,6.9
43.553386926651,-0.72,-0.55,0.41,-0.12,-0.98,-0.98,38.26,33.91,6.15
43.60586094856262,-0.73,-0.56,0.38,-0.12,-0.67,-0.91,39.16,34.81,7.05
43.65816307067871,-0.73,-0.56,0.41,-0.12,-0.43,-1.04,39.16,33.01,6.75
43.71100687980652,-0.73,-0.57,0.39,0.0,0.0,-1.1,37.96,35.41,5.85
43.76448893547058,-0.72,-0.56,0.4,0.0,0.43,-1.16,39.76,33.91,7.2
43.8163640499115,-0.72,-0.56,0.41,0.0,1.16,-1.28,40.06,33.61,7.95
43.86825394630432,-0.72,-0.56,0.4,0.0,1.52,-1.52,39.76,35.41,7.95
43.92016386985779,-0.72,-0.56,0.4,0.06,1.59,-1.83,38.71,33.61,5.55
43.9722158908844,-0.72,-0.56,0.41,0.06,1.89,-2.13,39.91,36.76,6.0
44.024160861968994,-0.73,-0.55,0.39,0.06,2.13,-2.2,39.91,33.76,5.7
44.07732391357422,-0.72,-0.56,0.4,0.12,2.5,-2.38,39.16,34.51,6.45
44.12920093536377,-0.72,-0.56,0.39,0.12,2.5,-2.38,40.06,36.16,5.55
44.18218803405762,-0.72,-0.57,0.39,0.12,2.74,-2.38,38.86,36.31,6.75
44.2340350151062,-0.72,-0.57,0.42,0.06,2.44,-2.01,39.46,35.71,6.6
44.28588104248047,-0.72,-0.56,0.41,0.06,2.2,-1.71,39.76,34.66,5.1
44.337952852249146,-0.72,-0.56,0.41,0.0,1.83,-1.46,38.71,35.71,6.9
44.38981604576111,-0.72,-0.56,0.4,0.0,1.34,-1.4,39.46,35.11,4.05
44.44168186187744,-0.72,-0.56,0.41,0.06,1.04,-1.4,39.61,33.46,6.75
44.49364995956421,-0.73,-0.56,0.4,0.06,0.55,-1.28,40.51,34.66,6.6
44.545449018478394,-0.73,-0.56,0.39,-0.06,0.06,-1.22,38.86,32.71,7.05
44.59840703010559,-0.73,-0.56,0.39,-0.06,-0.61,-1.16,38.56,34.81,6.45
44.65036988258362,-0.73,-0.56,0.4,0.0,-1.1,-1.04,39.46,34.66,6.6
44.7022500038147,-0.73,-0.56,0.39,-0.06,-2.01,-0.91,38.71,34.66,5.55
44.754703998565674,-0.72,-0.57,0.41,-0.06,-2.32,-0.91,38.71,34.66,5.85
44.80736804008484,-0.73,-0.57,0.4,-0.06,-2.5,-1.04,37.81,35.26,6.45
44.85932397842407,-0.73,-0.56,0.4,-0.18,-2.38,-0.91,38.11,34.51,6.75
44.91207790374756,-0.72,-0.56,0.41,-0.06,-1.95,-0.91,39.16,36.01,6.45
44.96561098098755,-0.72,-0.56,0.39,-0.06,-1.28,-1.16,39.76,35.41,5.1
45.01798987388611,-0.72,-0.55,0.39,0.0,-0.55,-1.4,40.06,35.11,7.2
45.06981301307678,-0.73,-0.55,0.4,0.0,0.24,-1.4,39.91,36.31,6.45
45.12234902381897,-0.72,-0.56,0.4,0.06,0.43,-1.52,39.46,34.66,6.9
45.174675941467285,-0.73,-0.56,0.39,0.06,0.49,-1.52,39.76,34.36,7.2
45.226999044418335,-0.72,-0.56,0.41,0.06,0.37,-1.59,38.11,34.81,5.7
45.279032945632935,-0.72,-0.56,0.39,0.0,0.24,-1.52,37.21,36.16,6.15
45.332618951797485,-0.72,-0.55,0.42,-0.06,-0.37,-1.4,39.01,36.16,6.9
45.38467788696289,-0.71,-0.56,0.4,0.12,0.06,-1.65,39.16,36.01,6.45
45.43652296066284,-0.72,-0.56,0.4,0.0,0.24,-1.59,39.76,34.36,7.2
45.48876595497131,-0.72,-0.56,0.41,0.0,-1.28,-1.16,39.01,34.36,6.6
45.54072284698486,-0.71,-0.56,0.41,-0.06,-1.1,-1.4,40.66,33.76,7.8
45.592530965805054,-0.73,-0.56,0.4,-0.06,-0.61,-1.52,39.61,34.51,6.75
45.64480996131897,-0.71,-0.55,0.41,-0.06,-0.18,-1.52,40.06,34.66,6.9
45.697866916656494,-0.72,-0.56,0.4,0.12,0.18,-1.52,38.26,34.66,6.6
45.74972486495972,-0.71,-0.56,0.42,0.0,0.06,-1.4,39.16,34.21,6.45
45.801684856414795,-0.72,-0.56,0.41,-0.06,-0.24,-1.22,39.46,33.91,7.65
45.85361385345459,-0.71,-0.56,0.42,-0.06,-0.79,-1.04,39.01,34.36,6.6
45.905864000320435,-0.72,-0.57,0.42,-0.12,-1.04,-0.98,39.46,36.16,7.65
45.95876502990723,-0.71,-0.56,0.41,-0.06,-0.85,-1.22,39.16,35.56,6.45
46.01071906089783,-0.72,-0.56,0.41,-0.06,-0.43,-1.28,38.86,34.51,7.8
46.06276297569275,-0.72,-0.55,0.4,-0.06,-0.73,-1.22,38.71,35.11,6.6
46.11520791053772,-0.71,-0.57,0.41,-0.12,-0.85,-1.22,39.01,33.91,7.95
46.167505979537964,-0.72,-0.56,0.42,-0.12,-1.1,-0.91,39.16,35.26,5.7
46.219810962677,-0.72,-0.56,0.4,-0.06,-1.34,-0.79,39.16,34.81,8.1
46.273321866989136,-0.72,-0.56,0.41,-0.06,-1.22,-0.73,39.76,34.36,7.2
46.325615882873535,-0.72,-0.57,0.41,-0.06,-0.91,-0.85,39.16,34.51,6.75
46.37863302230835,-0.72,-0.56,0.4,-0.18,-0.91,-0.98,40.36,34.21,7.05
46.435611963272095,-0.71,-0.56,0.41,-0.12,-0.67,-1.04,40.36,35.56,7.05
46.49363303184509,-0.72,-0.56,0.43,-0.06,-0.24,-1.28,39.76,35.11,6.6
46.54821300506592,-0.73,-0.56,0.41,0.0,0.18,-1.4,39.61,34.51,7.05
46.60072994232178,-0.73,-0.56,0.41,0.0,0.67,-1.59,39.16,33.46,5.7
46.65257692337036,-0.72,-0.56,0.42,0.0,0.67,-1.46,39.76,33.91,7.95
46.705419063568115,-0.71,-0.56,0.4,0.0,0.24,-1.28,38.86,34.81,7.05
46.75724697113037,-0.71,-0.57,0.42,0.0,0.0,-1.34,40.06,35.11,7.2
46.809130907058716,-0.72,-0.55,0.41,-0.06,-0.79,-1.4,40.66,34.21,7.5
46.860995054244995,-0.71,-0.56,0.42,-0.06,-0.98,-1.46,40.81,35.11,6.6
46.912792921066284,-0.71,-0.56,0.41,0.0,-0.85,-1.71,39.76,35.41,6.15
46.96622705459595,-0.71,-0.56,0.39,0.0,-0.24,-1.71,38.11,36.01,7.5
47.01804304122925,-0.72,-0.56,0.41,0.12,0.49,-1.77,39.61,34.81,6.0
47.070000886917114,-0.71,-0.56,0.41,0.06,0.98,-1.71,39.16,34.81,7.05
47.122084856033325,-0.71,-0.56,0.41,0.0,1.34,-1.59,39.76,35.41,6.6
47.17404294013977,-0.71,-0.56,0.41,0.0,1.22,-1.22,39.91,35.26,6.45
47.22604584693909,-0.73,-0.57,0.4,0.0,0.24,-1.1,39.46,35.71,7.95
47.27811789512634,-0.72,-0.56,0.4,-0.06,-0.43,-0.98,40.06,35.41,5.1
47.330798864364624,-0.72,-0.56,0.41,-0.12,-0.98,-1.1,38.71,34.66,6.9
47.38362789154053,-0.72,-0.56,0.41,-0.06,-1.28,-1.1,38.71,35.71,7.65
47.43607187271118,-0.71,-0.55,0.4,-0.06,-1.77,-1.1,38.71,34.66,8.25
47.48852205276489,-0.72,-0.56,0.41,-0.12,-1.95,-1.16,39.76,35.11,6.9
47.54056787490845,-0.7,-0.56,0.42,-0.12,-1.83,-1.16,39.61,33.76,7.5
47.592490911483765,-0.72,-0.57,0.41,-0.06,-1.52,-1.22,40.36,35.56,7.05
47.64511704444885,-0.72,-0.56,0.41,-0.06,-1.1,-1.28,38.86,34.21,7.05
47.69851803779602,-0.72,-0.56,0.43,-0.06,-0.73,-1.04,39.01,36.16,7.65
47.75090289115906,-0.72,-0.56,0.41,-0.06,-1.1,-1.04,39.61,34.81,6.0
47.80282688140869,-0.71,-0.56,0.41,0.0,-0.98,-0.98,38.71,35.41,6.6
47.855257987976074,-0.71,-0.56,0.42,-0.06,-0.85,-0.98,40.66,34.21,7.8
47.9074649810791,-0.72,-0.56,0.41,-0.06,-0.49,-1.1,39.16,34.21,6.0
47.95954394340515,-0.71,-0.57,0.4,-0.06,-0.43,-0.98,38.56,36.31,5.4
48.01192092895508,-0.71,-0.56,0.41,-0.12,-0.73,-1.1,40.36,34.81,7.5
48.06509304046631,-0.72,-0.55,0.42,-0.18,-0.73,-1.04,39.76,35.41,7.2
48.117220878601074,-0.71,-0.56,0.4,-0.12,-0.67,-1.22,39.61,36.76,7.5
48.16911292076111,-0.72,-0.56,0.4,-0.06,-0.43,-1.34,39.16,35.56,7.8
48.221407890319824,-0.71,-0.55,0.41,-0.06,-0.49,-1.59,41.26,35.11,7.2
48.27391695976257,-0.71,-0.56,0.39,0.06,0.73,-1.95,38.71,35.71,6.9
48.325947999954224,-0.72,-0.56,0.42,0.06,0.98,-2.07,39.61,35.56,6.75
48.37799286842346,-0.71,-0.56,0.4,0.06,1.46,-2.07,39.76,35.41,6.6
48.430793046951294,-0.71,-0.56,0.39,0.06,1.89,-1.95,39.61,35.26,5.7
48.4831268787384,-0.71,-0.55,0.41,0.0,1.65,-1.59,39.46,35.41,5.55
48.53498291969299,-0.71,-0.56,0.4,0.0,1.77,-1.34,38.71,35.41,7.95
48.58694386482239,-0.72,-0.56,0.41,0.0,2.01,-1.22,39.76,35.71,7.2
48.6387939453125,-0.72,-0.56,0.41,0.0,1.77,-1.16,39.01,35.11,6.9
48.69105100631714,-0.71,-0.57,0.4,0.0,1.34,-1.16,39.01,34.36,6.15
48.74410891532898,-0.72,-0.57,0.41,0.0,0.79,-1.28,39.76,35.71,7.95
48.796571016311646,-0.71,-0.56,0.4,0.06,0.67,-1.4,39.76,34.36,6.9
48.84853386878967,-0.72,-0.56,0.4,-0.06,0.18,-1.22,39.91,33.46,7.05
48.90043807029724,-0.72,-0.56,0.41,-0.06,-0.61,-1.16,39.91,34.51,6.75
48.95237493515015,-0.71,-0.56,0.4,-0.12,-0.91,-1.1,39.01,34.66,6.6
49.0045440196991,-0.72,-0.56,0.43,-0.06,-1.04,-0.98,38.56,34.81,6.0
49.05674695968628,-0.72,-0.55,0.42,-0.06,-0.91,-0.91,39.76,34.66,6.15
49.108640909194946,-0.72,-0.56,0.41,-0.06,-0.37,-1.1,39.76,35.71,6.9
49.16055202484131,-0.72,-0.56,0.4,-0.12,-0.06,-1.22,39.01,36.16,7.2
49.21308898925781,-0.72,-0.56,0.41,0.0,0.85,-1.46,39.01,36.46,6.15
49.26531791687012,-0.72,-0.55,0.41,0.0,1.65,-1.65,39.91,36.01,7.8
49.31753897666931,-0.72,-0.55,0.41,0.12,1.83,-1.89,39.46,35.11,6.6
49.369611978530884,-0.71,-0.56,0.42,0.12,2.2,-1.89,39.01,35.41,6.6
49.42172598838806,-0.72,-0.56,0.41,0.06,2.5,-1.83,39.76,34.66,6.6
49.474578857421875,-0.72,-0.56,0.41,0.06,2.5,-1.71,39.61,34.81,7.8
49.5274019241333,-0.72,-0.56,0.39,0.12,2.26,-1.65,39.01,35.41,6.6
49.57929801940918,-0.71,-0.56,0.41,0.06,1.52,-1.46,40.36,33.46,6.75
49.63251996040344,-0.71,-0.56,0.41,-0.06,-1.28,-1.1,38.86,35.26,7.05
49.68435192108154,-0.71,-0.56,0.4,-0.06,-1.1,-1.1,40.51,35.41,6.9
49.736244916915894,-0.71,-0.56,0.41,-0.06,-0.98,-0.98,39.16,36.31,6.0
49.78846096992493,-0.72,-0.56,0.41,-0.12,-0.79,-1.1,39.46,35.41,6.9
49.84056901931763,-0.72,-0.57,0.41,-0.06,-0.85,-1.16,39.61,35.56,5.7
49.89250993728638,-0.73,-0.56,0.42,-0.06,-0.43,-1.34,40.36,33.76,7.8
49.944206953048706,-0.71,-0.56,0.41,0.0,0.0,-1.4,40.06,36.16,6.9
49.99751305580139,-0.72,-0.55,0.42,0.0,1.04,-1.52,39.61,35.26,7.5
50.05036497116089,-0.72,-0.56,0.42,0.0,1.1,-1.46,37.36,35.26,7.8
50.10229802131653,-0.71,-0.57,0.42,0.0,0.55,-1.34,39.91,35.56,7.8
50.15463995933533,-0.71,-0.56,0.42,0.0,0.37,-1.46,39.46,35.11,8.25
50.20696997642517,-0.71,-0.56,0.41,0.06,0.0,-1.59,39.16,34.21,6.0
50.25917100906372,-0.7,-0.55,0.41,0.06,0.06,-1.65,39.01,34.66,5.1
50.31170988082886,-0.72,-0.56,0.42,-0.06,-0.12,-1.71,39.91,35.56,7.5
50.36475586891174,-0.71,-0.54,0.41,0.0,0.18,-1.71,40.36,35.26,6.75
50.417633056640625,-0.72,-0.56,0.41,0.0,0.67,-1.77,37.96,35.11,7.2
50.46984004974365,-0.71,-0.56,0.41,0.0,0.79,-1.71,39.91,34.51,7.8
50.523069858551025,-0.71,-0.56,0.43,0.06,1.16,-1.77,38.26,35.11,7.95
50.575631856918335,-0.72,-0.56,0.42,0.06,1.46,-1.65,38.56,34.51,6.75
50.6275999546051,-0.71,-0.56,0.42,0.0,1.1,-1.4,39.76,34.66,5.85
50.6794638633728,-0.71,-0.56,0.42,0.0,0.91,-1.28,40.06,34.36,6.6
50.732178926467896,-0.71,-0.56,0.41,-0.06,0.49,-0.98,38.71,35.11,6.9
50.784066915512085,-0.71,-0.56,0.41,-0.12,-0.37,-0.73,39.01,35.71,6.6
50.83601903915405,-0.72,-0.56,0.4,-0.12,-1.1,-0.67,39.76,35.11,7.2
50.888335943222046,-0.72,-0.56,0.41,-0.06,-1.22,-0.79,38.26,35.11,6.15
50.94024705886841,-0.71,-0.56,0.41,-0.18,-1.59,-0.98,39.16,34.81,6.75
50.992246866226196,-0.72,-0.56,0.42,-0.12,-1.89,-0.73,38.86,34.81,6.45
51.04525089263916,-0.71,-0.56,0.42,-0.06,-2.07,-0.85,39.76,36.16,6.9
51.0981810092926,-0.71,-0.55,0.42,-0.18,-2.62,-0.85,39.61,37.06,6.45
51.15017604827881,-0.71,-0.56,0.41,-0.06,-2.2,-0.91,40.51,35.11,6.6
51.20207500457764,-0.71,-0.55,0.4,-0.06,-2.07,-0.98,39.16,35.56,6.45
51.254112005233765,-0.71,-0.56,0.42,-0.06,-1.89,-0.85,42.01,36.46,6.6
51.306686878204346,-0.72,-0.56,0.41,-0.12,-1.52,-1.1,40.06,33.61,7.65
51.358741998672485,-0.72,-0.56,0.42,-0.06,-1.34,-1.1,41.56,35.41,7.95
51.412001848220825,-0.71,-0.56,0.41,-0.06,-1.04,-1.28,39.91,34.81,6.45
51.46453094482422,-0.71,-0.56,0.42,0.18,0.0,-1.4,39.46,34.66,6.6
51.516505002975464,-0.71,-0.55,0.41,0.0,0.24,-1.52,39.01,36.46,7.2
51.56829500198364,-0.72,-0.56,0.41,-0.06,0.0,-1.16,39.91,35.26,7.05
51.620213985443115,-0.71,-0.55,0.42,-0.06,-0.18,-1.16,40.36,34.81,6.75
51.67288589477539,-0.71,-0.56,0.42,-0.12,-0.55,-1.16,38.71,34.36,7.65
51.725138902664185,-0.72,-0.55,0.43,-0.06,-0.55,-1.16,39.46,35.11,7.95
51.77724099159241,-0.71,-0.56,0.41,-0.06,-0.61,-1.1,39.46,35.41,6.15
51.82927584648132,-0.71,-0.56,0.43,-0.12,-0.37,-1.16,39.16,34.81,6.75
51.88122892379761,-0.71,-0.55,0.43,0.0,0.0,-1.22,39.76,35.41,7.65
51.93304204940796,-0.71,-0.55,0.43,0.0,0.12,-1.22,38.71,34.66,5.1
51.984654903411865,-0.72,-0.55,0.42,0.06,0.3,-1.1,39.01,35.11,7.2
52.0362069606781,-0.71,-0.56,0.42,0.06,0.24,-1.1,39.16,35.26,5.7
52.08837294578552,-0.71,-0.56,0.42,0.0,0.43,-1.1,39.46,35.41,7.2
52.14050102233887,-0.71,-0.55,0.42,0.0,0.73,-1.28,39.91,34.21,6.75
52.192352056503296,-0.72,-0.56,0.42,0.06,0.85,-1.46,39.61,35.26,7.05
52.243990898132324,-0.71,-0.56,0.4,0.12,1.59,-1.59,39.76,36.16,7.95
52.29599189758301,-0.72,-0.56,0.42,0.06,2.01,-1.71,39.91,34.81,6.0
52.3479790687561,-0.71,-0.56,0.4,0.0,1.83,-1.89,39.46,33.91,7.95
52.399904012680054,-0.72,-0.55,0.41,0.0,1.71,-1.89,38.71,34.66,5.85
52.451858043670654,-0.71,-0.55,0.41,0.0,1.59,-1.83,39.61,36.01,8.1
52.50402593612671,-0.71,-0.56,0.41,0.06,1.34,-1.83,39.76,34.36,7.65
52.55599308013916,-0.72,-0.56,0.42,0.12,1.34,-1.95,39.01,35.41,6.9
52.60824704170227,-0.71,-0.56,0.42,0.06,0.98,-1.77,39.16,35.26,4.95
52.660210847854614,-0.72,-0.56,0.42,0.0,0.67,-1.52,38.86,35.26,6.45
52.71202898025513,-0.71,-0.56,0.42,0.0,0.18,-1.22,39.16,36.01,6.0
52.765166997909546,-0.72,-0.56,0.41,-0.06,-0.37,-1.1,39.91,36.76,7.5
52.81699800491333,-0.72,-0.56,0.41,-0.06,-0.73,-0.91,38.86,35.26,7.05
52.86963486671448,-0.71,-0.56,0.42,-0.18,-1.4,-0.85,40.06,35.11,6.6
52.92190885543823,-0.71,-0.55,0.41,-0.06,-1.28,-0.79,38.86,34.51,7.05
52.97404503822327,-0.72,-0.56,0.42,-0.06,-1.4,-0.91,39.76,36.16,6.9
53.02624201774597,-0.72,-0.56,0.41,-0.12,-1.59,-0.91,40.06,36.16,6.9
53.07845187187195,-0.71,-0.56,0.42,-0.12,-1.59,-0.85,39.61,36.01,6.75
53.131726026535034,-0.71,-0.56,0.42,-0.12,-1.95,-0.85,39.76,34.66,6.9
53.184004068374634,-0.72,-0.56,0.42,-0.12,-2.2,-0.85,39.61,34.81,6.45
53.23602795600891,-0.72,-0.56,0.42,-0.12,-2.38,-0.85,39.61,34.81,6.0
53.28821086883545,-0.71,-0.56,0.42,-0.12,-2.5,-0.98,41.26,36.46,7.95
53.34031391143799,-0.72,-0.56,0.42,0.0,-2.2,-0.98,39.61,35.26,7.5
53.392301082611084,-0.71,-0.56,0.42,-0.06,-2.01,-0.91,39.01,35.41,6.6
53.44393587112427,-0.71,-0.55,0.42,-0.06,-1.71,-0.98,37.96,33.61,6.15
53.495558977127075,-0.71,-0.56,0.42,-0.12,-1.22,-1.04,39.76,35.41,6.6
53.54746198654175,-0.71,-0.56,0.41,-0.06,-0.49,-0.98,38.71,34.36,6.15
53.60066199302673,-0.71,-0.56,0.41,-0.06,-0.18,-0.85,37.66,35.71,6.6
53.65328598022461,-0.71,-0.55,0.41,-0.06,0.12,-0.73,39.61,35.56,7.8
53.705426931381226,-0.72,-0.56,0.42,-0.06,0.06,-0.73,39.76,35.71,6.6
53.758907079696655,-0.7,-0.55,0.42,0.0,0.18,-1.4,39.61,36.76,7.8
53.811301946640015,-0.71,-0.55,0.43,0.0,0.3,-1.52,38.56,35.26,6.75
53.86450791358948,-0.71,-0.55,0.43,0.0,0.24,-1.65,39.76,35.41,7.2
53.91652989387512,-0.71,-0.55,0.41,-0.06,-0.12,-1.52,40.96,35.26,7.05
53.96842098236084,-0.71,-0.56,0.43,0.0,-0.61,-1.4,39.16,36.76,7.05
54.02063989639282,-0.73,-0.56,0.42,-0.06,-1.04,-1.34,38.71,37.21,6.6
54.072617053985596,-0.71,-0.55,0.42,-0.06,-1.46,-1.1,38.71,34.66,7.2
54.124983072280884,-0.71,-0.56,0.43,-0.24,-2.07,-0.79,38.71,34.66,6.15
54.17788290977478,-0.7,-0.57,0.43,-0.24,-2.56,-0.73,40.06,34.36,8.25
54.230347871780396,-0.71,-0.56,0.41,-0.18,-2.74,-0.61,40.66,35.26,7.05
54.28272986412048,-0.7,-0.55,0.41,-0.18,-2.07,-0.79,38.71,33.91,5.85
54.33468794822693,-0.72,-0.56,0.43,-0.12,-1.46,-0.67,38.71,36.16,6.6
54.387696981430054,-0.71,-0.56,0.42,-0.06,-0.73,-0.67,39.16,36.31,6.75
54.44080591201782,-0.71,-0.56,0.43,-0.12,-0.91,-0.73,40.66,35.56,7.05
54.493825912475586,-0.71,-0.56,0.42,-0.06,-0.79,-0.85,40.51,35.11,5.55
54.5465190410614,-0.71,-0.56,0.42,-0.06,-1.34,-0.79,39.91,35.56,6.45
54.60023093223572,-0.71,-0.55,0.41,-0.12,-1.89,-0.79,39.16,34.81,5.7
54.652668952941895,-0.71,-0.56,0.43,-0.12,-2.07,-1.04,38.86,34.81,7.05
54.70576286315918,-0.71,-0.56,0.43,-0.06,-2.01,-1.4,38.71,35.11,6.15
54.75785493850708,-0.71,-0.56,0.44,-0.06,-1.65,-1.34,40.66,34.21,7.8
54.810065031051636,-0.71,-0.56,0.42,-0.06,-1.04,-1.34,40.51,35.71,7.2
54.86202001571655,-0.71,-0.56,0.42,-0.06,-0.3,-1.28,40.36,36.01,6.75
54.913825035095215,-0.71,-0.55,0.42,0.06,0.18,-1.34,38.26,34.66,6.15
54.96763300895691,-0.71,-0.56,0.43,0.0,0.91,-1.46,38.86,33.76,8.85
55.01955199241638,-0.71,-0.56,0.42,0.0,0.98,-1.34,38.86,35.56,7.05
55.0725200176239,-0.71,-0.55,0.44,-0.06,0.91,-1.34,38.71,36.16,7.95
55.12422585487366,-0.72,-0.55,0.42,0.0,0.49,-1.34,39.46,37.21,6.9
55.176759004592896,-0.71,-0.56,0.42,-0.12,-0.37,-1.28,39.01,36.91,7.2
55.2286958694458,-0.71,-0.56,0.43,-0.06,-1.28,-1.22,38.26,35.41,8.25
55.28056287765503,-0.71,-0.56,0.42,-0.06,-1.71,-1.04,38.11,35.26,6.0
55.33285093307495,-0.71,-0.55,0.42,-0.06,-1.89,-1.16,40.36,36.31,6.75
55.384669065475464,-0.71,-0.56,0.43,-0.06,-2.07,-1.04,39.01,35.71,7.65
55.43653106689453,-0.71,-0.56,0.42,-0.12,-2.26,-1.16,39.91,36.01,6.0
55.48861885070801,-0.71,-0.56,0.44,-0.06,-2.01,-1.1,41.41,35.26,7.5
55.54074287414551,-0.7,-0.56,0.42,-0.06,-1.22,-1.46,39.46,35.71,7.65
55.592522859573364,-0.71,-0.56,0.42,0.0,-0.55,-1.52,39.76,35.71,7.95
55.64493703842163,-0.71,-0.56,0.43,0.0,0.0,-1.4,39.91,34.51,6.45
55.69808602333069,-0.71,-0.55,0.42,-0.06,0.37,-1.22,39.76,34.66,6.15
55.750813007354736,-0.71,-0.56,0.43,-0.06,-0.43,-1.16,40.81,37.21,7.2
55.80260491371155,-0.72,-0.56,0.43,-0.06,-0.79,-1.28,39.91,34.81,7.5
55.85511088371277,-0.71,-0.55,0.43,-0.06,-1.22,-1.1,39.76,36.46,6.6
55.907434940338135,-0.7,-0.56,0.42,-0.12,-1.46,-1.16,39.46,34.66,7.2
55.95945501327515,-0.71,-0.56,0.42,-0.18,-1.52,-1.28,39.01,35.71,5.85
56.01156401634216,-0.71,-0.55,0.43,-0.18,-1.77,-1.22,39.61,36.31,6.45
56.06411695480347,-0.7,-0.55,0.43,-0.06,-1.28,-1.04,39.76,35.71,6.6
56.11612296104431,-0.71,-0.56,0.43,-0.06,-0.73,-1.16,39.46,37.21,6.9
56.168001890182495,-0.71,-0.56,0.44,-0.06,-0.18,-0.98,39.16,36.31,6.45
56.21989297866821,-0.7,-0.57,0.43,0.0,0.06,-1.1,39.46,34.66,6.15
56.27180886268616,-0.7,-0.55,0.43,-0.06,0.61,-1.1,39.46,37.21,5.85
56.32427501678467,-0.71,-0.55,0.41,0.0,0.73,-1.16,39.91,35.56,6.75
56.376574993133545,-0.7,-0.55,0.44,-0.12,0.73,-1.04,38.56,34.51,8.1
56.429152965545654,-0.71,-0.56,0.43,0.0,0.67,-1.4,39.76,35.41,6.6
56.48235607147217,-0.71,-0.56,0.43,0.0,0.67,-1.52,38.71,35.41,7.95
56.53423190116882,-0.71,-0.56,0.43,0.0,0.91,-1.65,40.36,36.31,7.5
56.58607292175293,-0.71,-0.55,0.42,0.0,0.98,-1.71,39.16,35.56,6.45
56.63804292678833,-0.71,-0.55,0.42,0.06,1.34,-1.83,39.46,36.91,6.9
56.68988084793091,-0.71,-0.56,0.42,0.06,2.01,-1.83,39.61,35.56,7.8
56.74170398712158,-0.7,-0.56,0.41,0.06,1.71,-1.77,39.76,35.41,6.6
56.793586015701294,-0.71,-0.56,0.43,0.18,2.01,-1.77,40.36,36.31,7.05
56.84636092185974,-0.7,-0.55,0.42,0.0,2.07,-1.65,39.01,35.71,7.2
56.899457931518555,-0.71,-0.56,0.43,0.06,1.65,-1.52,40.66,36.76,7.05
56.951143980026245,-0.71,-0.56,0.41,0.0,1.4,-1.46,39.46,35.41,7.65
57.002718925476074,-0.71,-0.56,0.43,0.0,1.4,-1.65,38.56,34.51,8.1
57.05505704879761,-0.7,-0.56,0.44,0.0,1.34,-1.71,39.76,35.11,7.95
57.10760498046875,-0.7,-0.56,0.43,0.0,1.1,-1.59,38.56,35.56,7.5
57.15963792800903,-0.71,-0.56,0.42,0.06,1.16,-1.52,38.86,35.56,7.05
57.21143198013306,-0.71,-0.56,0.42,0.0,0.85,-1.4,39.16,35.56,7.5
57.26404094696045,-0.71,-0.56,0.42,0.0,0.12,-1.04,41.71,36.76,7.5
57.31610107421875,-0.7,-0.56,0.45,-0.06,-0.49,-0.91,38.71,35.71,6.15
57.36877989768982,-0.71,-0.55,0.42,-0.12,-0.85,-0.85,38.56,35.56,7.05
57.42102408409119,-0.7,-0.56,0.42,-0.12,-1.46,-0.79,39.61,36.01,6.45
57.473527908325195,-0.7,-0.56,0.43,-0.06,-2.07,-0.61,38.56,36.76,6.0
57.525497913360596,-0.71,-0.56,0.42,-0.12,-2.5,-0.43,39.91,35.26,7.8
57.577970027923584,-0.71,-0.55,0.43,-0.18,-2.93,-0.49,39.61,34.81,6.75
57.630555868148804,-0.71,-0.55,0.43,-0.12,-2.87,-0.85,39.01,35.41,5.55
57.682579040527344,-0.71,-0.56,0.43,-0.12,-2.5,-0.79,39.61,34.21,8.85
57.73449206352234,-0.71,-0.55,0.43,-0.06,-1.83,-0.79,39.01,36.46,6.9
57.78658699989319,-0.71,-0.56,0.42,-0.12,-1.16,-0.98,40.36,36.31,7.5
57.8386869430542,-0.71,-0.56,0.41,-0.12,-0.24,-1.28,39.46,35.41,7.2
57.890596866607666,-0.7,-0.55,0.44,0.0,-0.79,-1.46,39.46,36.46,5.85
57.943625926971436,-0.71,-0.56,0.43,-0.06,-0.55,-1.4,39.16,35.26,7.05
57.9956488609314,-0.7,-0.56,0.44,0.0,0.0,-1.46,40.66,36.01,7.05
58.04871487617493,-0.7,-0.56,0.44,-0.06,0.12,-1.4,38.56,35.56,6.75
58.100372076034546,-0.7,-0.55,0.42,0.06,0.12,-1.34,39.61,36.01,6.75
58.15296506881714,-0.72,-0.56,0.42,-0.06,-0.3,-1.28,39.01,37.21,7.95
58.20563101768494,-0.7,-0.55,0.43,-0.06,-1.16,-1.1,39.16,36.31,7.5
58.25757193565369,-0.71,-0.56,0.45,-0.06,-1.34,-1.16,39.61,36.01,7.5
58.309417963027954,-0.7,-0.55,0.45,-0.12,-1.52,-1.16,38.26,35.71,5.55
58.36127305030823,-0.71,-0.57,0.43,-0.06,-1.59,-1.4,38.86,37.06,7.8
58.413219928741455,-0.71,-0.56,0.43,0.0,-1.59,-1.34,39.76,34.36,7.2
58.46612000465393,-0.7,-0.55,0.44,-0.06,-1.52,-1.1,40.96,35.26,7.05
58.51834797859192,-0.71,-0.56,0.44,-0.06,-1.46,-0.91,39.01,36.91,6.9
58.57075500488281,-0.7,-0.56,0.44,-0.18,-1.95,-0.85,39.01,35.11,6.9
58.623619079589844,-0.7,-0.56,0.44,-0.18,-2.13,-0.73,40.51,36.16,6.15
58.67797589302063,-0.71,-0.57,0.42,-0.12,-2.62,-0.61,39.01,36.46,7.2
58.731703996658325,-0.71,-0.55,0.41,-0.12,-2.99,-0.61,39.61,36.76,7.05
58.784019947052,-0.71,-0.56,0.43,0.0,-3.05,-0.55,40.36,36.31,6.45
58.83637595176697,-0.7,-0.55,0.43,-0.06,-2.07,-0.79,39.76,35.71,7.2
58.88880395889282,-0.7,-0.56,0.44,0.0,-0.73,-1.16,38.86,36.31,7.5
58.94060492515564,-0.7,-0.56,0.45,0.0,0.43,-1.28,38.86,36.01,6.75
58.99221897125244,-0.71,-0.55,0.44,0.06,1.34,-1.16,39.46,33.91,6.6
59.04490900039673,-0.7,-0.56,0.44,0.06,1.46,-1.1,39.46,36.16,6.9
59.097574949264526,-0.7,-0.55,0.44,0.12,1.77,-1.16,39.61,35.56,6.0
59.14942789077759,-0.71,-0.56,0.44,0.0,1.65,-1.59,39.16,36.31,8.1
59.20128297805786,-0.71,-0.56,0.43,0.0,1.4,-1.83,38.11,36.76,7.5
59.25287890434265,-0.7,-0.55,0.44,0.06,1.46,-1.95,40.06,35.41,7.2
59.30525803565979,-0.71,-0.56,0.43,0.0,1.22,-2.01,40.06,36.91,6.15
59.35741305351257,-0.71,-0.56,0.45,0.0,1.22,-1.71,40.51,36.46,6.6
59.41000199317932,-0.7,-0.56,0.44,0.06,0.98,-1.52,39.46,36.46,6.6
59.46221995353699,-0.7,-0.56,0.45,0.0,0.98,-1.52,38.11,36.01,6.45
59.51411199569702,-0.7,-0.56,0.43,0.0,1.04,-1.46,39.01,34.36,6.9
59.56703591346741,-0.71,-0.56,0.44,0.0,1.04,-1.28,39.61,36.31,6.45
59.61896085739136,-0.71,-0.55,0.45,0.0,1.1,-1.4,40.06,36.46,7.2
59.67102098464966,-0.71,-0.55,0.42,0.0,1.22,-1.52,40.36,35.56,7.5
59.722975969314575,-0.71,-0.56,0.43,0.0,1.52,-1.65,40.96,36.31,6.45
59.774816036224365,-0.71,-0.56,0.43,0.06,1.52,-1.52,39.46,34.66,7.2
59.8267560005188,-0.7,-0.56,0.42,0.0,0.24,-1.16,40.36,36.31,8.1
59.87869906425476,-0.7,-0.56,0.43,-0.06,-0.43,-1.16,38.71,36.91,7.2
59.931926012039185,-0.71,-0.56,0.44,-0.06,-1.04,-1.1,40.81,35.11,6.6
59.983887910842896,-0.7,-0.55,0.44,-0.06,-1.22,-1.04,40.96,36.31,7.5
60.035884857177734,-0.71,-0.55,0.44,-0.06,-1.22,-1.1,40.06,36.16,7.2
60.088340044021606,-0.7,-0.55,0.44,-0.12,-1.46,-1.16,39.61,36.01,7.05
60.14086198806763,-0.7,-0.55,0.43,-0.06,-1.28,-1.16,39.01,35.71,6.9
60.19273591041565,-0.71,-0.56,0.44,-0.06,-0.98,-1.28,40.06,37.66,6.6
60.24510407447815,-0.7,-0.56,0.43,-0.06,-0.18,-1.34,39.61,35.26,6.45
60.29772591590881,-0.71,-0.56,0.43,0.06,0.55,-1.4,38.56,35.26,8.1
60.34956192970276,-0.7,-0.55,0.42,0.0,0.67,-1.52,40.66,36.31,6.45
60.40272498130798,-0.7,-0.57,0.46,0.06,0.43,-1.59,38.86,35.56,7.5
60.45460391044617,-0.71,-0.56,0.42,0.0,0.49,-1.46,38.11,37.06,6.0
60.507102966308594,-0.7,-0.56,0.42,0.0,0.37,-1.46,39.46,37.66,6.6
60.55905485153198,-0.7,-0.56,0.44,0.0,0.06,-1.4,38.86,37.06,6.0
60.611971855163574,-0.7,-0.56,0.43,-0.06,-0.49,-1.28,39.61,36.31,6.75
60.665350914001465,-0.7,-0.55,0.43,-0.06,-0.73,-1.22,40.36,36.01,5.7
60.71725392341614,-0.7,-0.55,0.43,-0.12,-0.79,-1.28,40.36,36.01,8.1
60.76941394805908,-0.69,-0.56,0.44,-0.06,-0.3,-1.4,38.26,36.16,6.6
60.821831941604614,-0.71,-0.56,0.43,0.0,-0.37,-2.2,39.61,36.01,7.5
60.874029874801636,-0.71,-0.56,0.43,-0.06,-0.3,-1.4,39.76,37.21,7.2
60.92594003677368,-0.7,-0.56,0.43,0.0,0.12,-1.34,40.06,36.91,7.2
60.97818088531494,-0.7,-0.55,0.43,0.0,0.43,-1.28,39.01,35.11,8.25
61.031105041503906,-0.71,-0.56,0.43,0.0,0.91,-1.28,39.46,36.16,5.85
61.08295392990112,-0.7,-0.56,0.42,0.0,1.1,-1.22,38.71,34.36,6.15
61.13555097579956,-0.7,-0.56,0.43,0.0,0.98,-1.1,39.91,35.56,6.45
61.18809103965759,-0.71,-0.55,0.43,0.0,0.91,-1.22,39.01,36.16,7.2
61.24027895927429,-0.7,-0.55,0.43,-0.06,0.43,-1.16,38.71,34.66,6.9
61.29216194152832,-0.7,-0.55,0.42,0.0,0.12,-1.28,39.91,36.31,7.8
61.34474587440491,-0.71,-0.56,0.42,0.0,0.3,-1.34,39.76,36.91,6.15
61.398263931274414,-0.71,-0.55,0.45,-0.06,0.18,-1.4,39.46,35.11,7.65
61.450247049331665,-0.71,-0.55,0.43,0.0,0.49,-1.59,39.61,37.06,7.05
61.50210404396057,-0.7,-0.56,0.42,0.06,0.98,-1.65,39.61,35.56,6.75
61.55433893203735,-0.71,-0.57,0.43,0.0,1.22,-1.65,39.46,36.16,5.55
61.60610103607178,-0.7,-0.56,0.43,0.0,1.71,-1.65,40.66,35.26,7.5
61.658519983291626,-0.7,-0.55,0.43,0.06,1.89,-1.77,38.56,36.01,7.5
61.71067690849304,-0.7,-0.55,0.42,0.12,2.44,-1.83,38.71,36.16,6.6
61.76260185241699,-0.71,-0.55,0.42,0.06,2.68,-1.95,39.16,34.81,6.45
61.81473088264465,-0.7,-0.56,0.43,0.06,3.05,-2.26,40.81,36.16,7.65
61.86663508415222,-0.7,-0.56,0.44,0.12,2.68,-2.07,39.01,35.41,7.2
61.91931986808777,-0.71,-0.56,0.43,0.06,1.83,-1.83,39.46,36.16,6.6
61.97174787521362,-0.71,-0.56,0.42,0.06,1.34,-1.77,39.91,36.01,7.5
62.02377200126648,-0.71,-0.56,0.43,-0.12,-2.32,-0.91,38.86,35.56,6.75
62.07581686973572,-0.71,-0.56,0.44,-0.12,-1.52,-1.28,39.01,36.46,7.95
62.12782907485962,-0.7,-0.55,0.46,-0.06,-0.85,-1.46,38.71,36.16,7.95
62.179720878601074,-0.7,-0.56,0.42,0.0,-0.3,-1.34,39.16,37.06,7.8
62.232972860336304,-0.7,-0.55,0.43,0.0,0.06,-1.46,40.36,36.31,6.75
62.28493595123291,-0.7,-0.55,0.43,0.0,0.18,-1.52,38.56,35.56,7.5
62.337043046951294,-0.7,-0.55,0.43,0.0,0.3,-1.52,38.11,36.31,5.7
62.38885688781738,-0.71,-0.55,0.45,0.0,0.06,-1.34,40.66,35.26,7.5
62.44181299209595,-0.69,-0.55,0.43,-0.06,-0.18,-1.22,39.61,36.01,7.8
62.493804931640625,-0.7,-0.55,0.43,-0.06,-0.3,-1.22,40.06,34.66,7.2
62.5477979183197,-0.71,-0.56,0.44,-0.06,-0.24,-1.28,40.06,36.16,6.9
62.59982705116272,-0.7,-0.55,0.41,-0.12,-0.3,-1.16,38.71,36.46,6.9
62.65205502510071,-0.7,-0.56,0.44,-0.06,-0.67,-1.04,40.66,36.76,6.75
