time,ax,ay,az,gx,gy,gz,mx,my,mz
0.006266117095947266,-0.0,-1.0,-0.14,0.0,0.06,-1.34,17.1,-4.65,22.0
0.06780314445495605,0.0,-0.99,-0.15,-0.06,-0.12,-1.34,17.85,-6.0,22.0
0.12694811820983887,0.03,-0.98,-0.09,-0.06,0.06,-1.34,17.55,-5.4,22.0
0.18693113327026367,-0.02,-0.99,-0.11,0.0,0.18,-1.34,18.0,-5.55,22.0
0.24685215950012207,-0.01,-0.99,-0.13,-0.06,0.12,-1.4,15.9,-4.35,21.0
0.3069930076599121,-0.0,-0.98,-0.14,-0.12,-0.18,-1.34,18.15,-4.95,22.0
0.36718010902404785,-0.0,-0.98,-0.13,-0.24,-0.06,-1.46,17.7,-4.35,22.0
0.4280681610107422,0.01,-0.99,-0.14,-0.12,-0.18,-1.46,17.55,-6.45,23.0
0.48711514472961426,-0.0,-0.99,-0.14,-0.18,-0.06,-1.4,17.1,-4.2,22.0
0.5469081401824951,-0.0,-0.99,-0.13,0.0,0.06,-1.4,17.55,-6.0,22.0
0.6067600250244141,0.0,-0.99,-0.14,0.06,0.0,-1.4,17.55,-5.7,23.0
0.6674652099609375,0.0,-0.98,-0.15,-0.12,-0.24,-1.46,18.6,-5.4,22.0
0.726844072341919,0.01,-0.98,-0.13,-0.18,-0.18,-1.4,17.85,-4.95,22.0
0.7883810997009277,0.0,-0.99,-0.13,-0.18,-0.06,-1.4,17.55,-4.2,22.0
0.8469820022583008,0.01,-0.98,-0.14,-0.06,0.0,-1.46,18.15,-5.7,23.0
0.907804012298584,0.0,-0.99,-0.15,-0.12,-0.06,-1.4,16.65,-4.05,22.0
0.9670491218566895,-0.0,-0.99,-0.12,-0.12,-0.06,-1.28,18.75,-5.85,23.0
1.0275051593780518,0.0,-0.98,-0.13,-0.06,-0.18,-1.4,16.05,-4.65,22.0
1.0866641998291016,0.0,-0.99,-0.12,-0.18,-0.06,-1.46,17.7,-4.35,23.0
1.1467950344085693,-0.0,-0.98,-0.13,-0.12,-0.06,-1.34,17.55,-4.95,23.0
1.2063930034637451,-0.0,-0.99,-0.12,0.0,0.0,-1.4,17.7,-5.55,22.0
1.2673799991607666,0.0,-0.99,-0.14,-0.12,0.0,-1.4,17.7,-4.35,22.0
1.3269271850585938,0.01,-0.98,-0.13,-0.06,0.0,-1.4,16.95,-5.55,23.0
1.3879971504211426,-0.0,-0.99,-0.13,-0.18,-0.24,-1.4,17.25,-5.1,23.0
1.4463810920715332,0.0,-0.99,-0.12,0.0,0.18,-1.34,18.0,-6.3,22.0
1.5070521831512451,0.01,-0.99,-0.14,-0.06,-0.12,-1.4,17.7,-6.6,25.0
1.5676121711730957,-0.0,-0.98,-0.12,-0.06,-0.12,-1.4,17.25,-5.1,23.0
1.627427101135254,-0.01,-0.98,-0.14,0.0,0.0,-1.4,18.0,-4.8,22.0
1.686359167098999,0.0,-0.99,-0.14,-0.06,0.06,-1.22,18.0,-4.35,22.0
1.746960163116455,0.0,-0.99,-0.13,-0.06,-0.18,-1.46,16.65,-6.3,21.0
1.806251049041748,0.0,-0.99,-0.13,-0.06,0.0,-1.34,19.35,-4.95,22.0
1.8663182258605957,0.0,-0.98,-0.15,0.0,0.0,-1.34,16.95,-5.1,22.0
1.926652193069458,0.0,-0.98,-0.14,0.0,0.0,-1.34,17.25,-4.8,21.0
1.9866502285003662,-0.0,-0.99,-0.13,-0.18,-0.06,-1.46,16.2,-4.8,23.0
2.0464980602264404,0.0,-0.98,-0.14,0.0,0.0,-1.34,17.85,-5.4,22.0
2.10752010345459,-0.01,-0.98,-0.13,0.0,0.0,-1.34,16.2,-4.8,21.0
2.166607141494751,0.0,-0.99,-0.14,0.0,0.0,-1.34,16.35,-5.7,23.0
2.2269132137298584,0.0,-0.98,-0.13,-0.12,-0.18,-1.46,16.95,-5.1,23.0
2.2877721786499023,-0.01,-0.99,-0.14,-0.06,0.0,-1.34,17.7,-5.55,22.0
2.346647024154663,0.0,-0.99,-0.14,0.0,0.0,-1.4,17.85,-5.4,22.0
2.4067320823669434,-0.0,-0.99,-0.14,-0.06,0.0,-1.4,18.15,-4.2,23.0
2.46730899810791,-0.0,-0.98,-0.12,0.0,0.0,-1.4,16.05,-4.65,21.0
2.526837110519409,0.0,-0.99,-0.14,0.0,0.06,-1.46,16.8,-4.95,22.0
2.586611032485962,0.0,-0.99,-0.13,0.0,0.0,-1.4,17.55,-5.7,21.0
2.6459920406341553,0.0,-0.99,-0.14,0.0,0.0,-1.4,16.95,-3.75,22.0
2.7061400413513184,-0.0,-0.98,-0.14,-0.06,0.06,-1.34,18.0,-5.1,23.0
2.766503095626831,-0.01,-0.99,-0.13,0.0,0.0,-1.34,18.15,-5.7,22.0
2.827059030532837,0.0,-0.99,-0.13,-0.24,-0.06,-1.4,16.2,-4.8,23.0
2.886658191680908,-0.01,-0.98,-0.11,-0.18,-0.06,-1.4,18.45,-5.55,21.0
2.947312116622925,0.0,-0.99,-0.11,-0.06,-0.18,-1.4,17.1,-6.75,22.0
3.0062642097473145,0.0,-0.98,-0.14,-0.06,-0.12,-1.4,16.95,-4.8,22.0
3.067047119140625,-0.0,-0.98,-0.13,-0.06,-0.18,-1.34,17.25,-5.85,22.0
3.126035213470459,-0.0,-0.99,-0.14,0.0,0.0,-1.4,16.35,-4.95,22.0
3.187620162963867,-0.0,-0.99,-0.13,-0.12,-0.06,-1.28,17.7,-4.8,21.0
3.246056079864502,0.01,-0.99,-0.14,0.0,0.0,-1.52,17.7,-5.1,24.0
3.3066821098327637,0.0,-0.98,-0.14,-0.12,-0.06,-1.46,17.25,-4.8,24.0
3.36612606048584,-0.0,-0.99,-0.15,0.0,0.0,-1.34,18.15,-4.2,21.0
3.4263031482696533,-0.0,-0.99,-0.13,0.0,0.0,-1.4,17.25,-5.55,22.0
3.4861490726470947,0.0,-0.99,-0.13,0.0,0.0,-1.22,17.55,-6.0,22.0
3.5473852157592773,-0.0,-0.99,-0.14,-0.06,-0.12,-1.4,17.55,-5.7,23.0
3.605875015258789,-0.0,-0.99,-0.13,0.0,0.12,-1.34,18.15,-4.2,21.0
3.6664140224456787,0.0,-0.99,-0.13,0.0,0.0,-1.4,17.25,-5.1,22.0
3.726471185684204,0.0,-0.99,-0.14,-0.12,-0.06,-1.46,17.55,-4.95,21.0
3.7857751846313477,0.0,-0.99,-0.13,0.0,0.0,-1.4,16.8,-4.65,21.0
3.846464157104492,0.01,-0.99,-0.15,0.0,0.0,-1.34,16.8,-2.85,22.0
3.9060211181640625,0.01,-0.99,-0.13,0.0,0.0,-1.34,16.95,-6.3,23.0
3.9662370681762695,0.0,-0.98,-0.15,-0.06,0.0,-1.34,16.35,-4.95,22.0
4.027508020401001,-0.0,-0.99,-0.14,0.0,0.0,-1.46,18.45,-4.35,22.0
4.086539030075073,0.0,-0.99,-0.13,0.0,0.0,-1.4,17.1,-4.95,22.0
4.147384166717529,-0.0,-0.98,-0.14,-0.12,-0.06,-1.4,16.8,-5.4,22.0
4.205738067626953,0.0,-0.98,-0.14,0.0,0.06,-1.46,16.95,-4.8,21.0
4.266510009765625,0.01,-0.99,-0.14,0.0,0.0,-1.28,17.85,-6.45,23.0
4.326135158538818,-0.0,-0.99,-0.15,0.0,0.0,-1.46,17.7,-5.1,21.0
4.386414051055908,-0.0,-0.99,-0.13,-0.06,-0.18,-1.4,16.8,-3.9,20.0
4.446097135543823,0.0,-0.99,-0.15,-0.12,-0.06,-1.46,17.25,-4.05,22.0
4.505945205688477,0.0,-0.98,-0.13,0.0,0.06,-1.4,17.85,-4.95,23.0
4.56662917137146,0.0,-0.98,-0.12,-0.12,-0.06,-1.34,16.95,-5.85,22.0
4.627089023590088,-0.0,-0.99,-0.13,-0.06,0.0,-1.4,17.7,-5.85,23.0
4.686267137527466,0.01,-0.99,-0.13,-0.06,-0.12,-1.34,17.85,-4.95,22.0
4.745842218399048,-0.0,-0.99,-0.15,-0.06,0.0,-1.34,17.25,-4.05,21.0
4.80661416053772,0.0,-0.99,-0.14,-0.12,-0.06,-1.46,17.7,-4.35,22.0
4.866289138793945,0.01,-0.99,-0.13,0.0,0.06,-1.4,17.7,-5.1,23.0
4.926295042037964,-0.0,-0.99,-0.14,-0.12,-0.06,-1.34,18.6,-4.2,22.0
4.9869160652160645,0.0,-0.99,-0.14,-0.06,-0.12,-1.46,17.25,-4.35,22.0
5.0455121994018555,-0.01,-0.99,-0.15,0.0,0.0,-1.4,16.95,-6.3,22.0
5.10645318031311,-0.0,-0.99,-0.13,-0.18,-0.06,-1.4,18.6,-4.95,22.0
5.166653156280518,0.0,-0.99,-0.15,0.0,0.06,-1.34,18.0,-3.75,22.0
5.226402044296265,0.0,-0.99,-0.12,-0.12,-0.06,-1.4,16.8,-4.65,23.0
5.286159038543701,0.0,-0.99,-0.14,-0.18,-0.06,-1.4,18.0,-5.55,22.0
5.3462700843811035,-0.0,-0.98,-0.13,0.0,0.0,-1.28,17.25,-6.3,23.0
5.40628719329834,-0.01,-0.98,-0.14,0.0,0.0,-1.46,17.7,-5.1,22.0
5.466216087341309,0.0,-0.98,-0.14,-0.12,-0.18,-1.28,17.55,-6.45,22.0
5.526548147201538,-0.0,-0.99,-0.14,0.0,0.0,-1.4,17.85,-4.65,23.0
5.586593151092529,0.01,-0.99,-0.15,0.0,0.0,-1.4,17.55,-4.95,22.0
5.645320177078247,0.0,-0.98,-0.13,0.0,0.0,-1.46,17.25,-4.8,22.0
5.706801176071167,-0.0,-0.99,-0.15,0.0,0.06,-1.4,17.85,-4.95,23.0
5.765535116195679,-0.0,-0.99,-0.14,0.0,0.0,-1.4,17.55,-4.2,21.0
5.82592511177063,-0.0,-0.99,-0.13,0.0,0.0,-1.4,17.55,-5.7,21.0
5.886784076690674,0.0,-0.99,-0.13,-0.12,-0.06,-1.4,16.95,-4.8,21.0
5.946120023727417,-0.0,-0.99,-0.14,0.0,0.0,-1.4,16.35,-5.4,23.0
6.00597620010376,0.0,-0.98,-0.13,-0.12,-0.06,-1.34,16.2,-5.1,23.0
6.066227197647095,0.0,-0.99,-0.13,-0.18,-0.18,-1.4,17.85,-3.45,22.0
6.125591039657593,0.0,-0.98,-0.16,0.0,0.0,-1.4,16.95,-4.8,22.0
6.186543226242065,0.0,-0.98,-0.12,0.0,0.0,-1.34,17.1,-6.75,22.0
6.246249198913574,-0.0,-0.99,-0.12,0.0,0.0,-1.4,17.1,-5.4,23.0
6.306704044342041,0.0,-0.99,-0.14,-0.18,-0.18,-1.34,18.75,-5.1,21.0
6.3662450313568115,0.0,-0.99,-0.15,-0.12,-0.06,-1.4,18.0,-5.1,23.0
6.427065134048462,-0.0,-0.99,-0.13,0.0,0.06,-1.4,17.7,-4.35,21.0
6.485724210739136,0.0,-0.99,-0.12,-0.06,-0.12,-1.34,18.6,-6.45,23.0
6.546151161193848,-0.0,-0.99,-0.13,-0.06,-0.24,-1.4,16.65,-5.1,22.0
6.606368064880371,0.01,-0.99,-0.15,-0.24,-0.06,-1.46,16.95,-5.1,22.0
6.665682077407837,-0.0,-0.99,-0.11,0.0,0.0,-1.34,18.6,-5.4,22.0
6.726145029067993,0.0,-0.98,-0.12,-0.24,-0.06,-1.34,17.7,-4.35,22.0
6.786022186279297,0.01,-0.98,-0.13,0.0,0.0,-1.4,17.25,-4.35,22.0
6.845619201660156,-0.0,-0.99,-0.15,-0.06,-0.12,-1.34,17.85,-6.0,21.0
6.9060962200164795,-0.0,-0.98,-0.13,-0.18,-0.06,-1.28,16.95,-5.55,23.0
6.965616226196289,0.0,-0.99,-0.13,0.0,0.0,-1.28,17.55,-4.65,22.0
7.026445150375366,-0.0,-0.99,-0.14,-0.06,-0.24,-1.46,16.65,-3.75,22.0
7.085606098175049,-0.01,-0.98,-0.14,0.0,0.06,-1.4,16.65,-4.8,22.0
7.146350145339966,0.0,-0.99,-0.13,0.0,0.06,-1.34,16.8,-4.95,22.0
7.205292224884033,0.01,-0.99,-0.13,0.0,0.0,-1.4,17.25,-4.8,22.0
7.266383171081543,-0.01,-0.99,-0.13,-0.18,-0.18,-1.4,18.15,-5.4,23.0
7.326141119003296,0.0,-0.98,-0.15,-0.06,0.0,-1.4,18.0,-3.75,22.0
7.38684606552124,-0.01,-1.0,-0.13,-0.12,-0.06,-1.34,18.45,-5.1,21.0
7.445616006851196,0.01,-0.98,-0.13,-0.24,-0.3,-1.4,17.25,-6.3,22.0
7.5066142082214355,-0.0,-0.99,-0.13,-0.12,-0.06,-1.4,17.25,-6.3,22.0
7.565118074417114,-0.01,-0.98,-0.13,0.0,0.0,-1.34,19.95,-4.95,22.0
7.625929117202759,0.0,-0.99,-0.14,0.0,0.0,-1.34,15.9,-4.35,21.0
7.686079025268555,0.01,-0.98,-0.13,0.0,0.0,-1.4,17.7,-5.55,21.0
7.745672225952148,0.0,-0.99,-0.15,-0.12,-0.06,-1.4,18.6,-4.95,23.0
7.805999994277954,-0.01,-0.99,-0.16,-0.06,-0.12,-1.46,18.9,-3.9,22.0
7.86626410484314,-0.01,-0.99,-0.13,0.0,0.06,-1.28,16.8,-4.95,21.0
7.925538063049316,0.0,-1.0,-0.14,0.0,0.0,-1.4,17.1,-6.0,22.0
7.986150026321411,0.02,-0.99,-0.18,0.12,0.18,-1.34,17.55,-5.7,22.0
8.045753002166748,0.01,-0.98,-0.15,-0.12,-0.37,-1.34,19.35,-3.9,21.0
8.106049060821533,-0.01,-0.99,-0.13,-0.12,0.0,-1.34,17.85,-4.65,21.0
8.166107177734375,0.01,-0.99,-0.12,-0.12,-0.18,-1.4,17.85,-5.7,21.0
8.225726127624512,0.02,-0.99,-0.11,0.0,-0.24,-1.4,17.85,-6.0,22.0
8.286227226257324,0.0,-1.0,-0.13,-0.06,-0.24,-1.46,16.8,-5.4,21.0
8.346227169036865,-0.0,-0.99,-0.12,0.0,-0.12,-1.4,18.15,-5.7,22.0
8.406077146530151,0.0,-1.0,-0.14,0.0,0.06,-1.4,15.15,-4.35,23.0
8.46629810333252,-0.0,-0.98,-0.15,-0.18,-0.24,-1.46,17.25,-4.35,22.0
8.526417016983032,-0.01,-0.99,-0.12,-0.24,-0.06,-1.4,16.65,-5.55,22.0
8.586430072784424,0.01,-1.0,-0.11,-0.06,0.0,-1.4,18.15,-5.4,22.0
8.6457040309906,-0.01,-0.99,-0.14,-0.18,-0.06,-1.46,17.55,-5.7,23.0
8.706100225448608,-0.01,-0.98,-0.12,-0.37,-0.06,-1.34,17.55,-4.95,23.0
8.766370058059692,0.0,-1.0,-0.13,-0.61,0.12,-1.4,18.45,-4.05,21.0
8.826811075210571,0.0,-0.99,-0.13,-0.73,0.24,-1.34,17.55,-4.65,22.0
8.88624906539917,0.02,-0.98,-0.1,-0.85,1.65,-1.1,17.25,-4.8,22.0
8.945881128311157,0.01,-1.0,-0.13,-2.13,-1.46,-1.59,16.65,-4.8,22.0
9.005849123001099,-0.0,-1.0,-0.11,-3.35,0.98,-1.16,17.25,-4.35,23.0
9.066741228103638,0.0,-0.99,-0.11,-4.94,0.06,-1.28,17.55,-4.95,22.0
9.1255521774292,0.0,-0.99,-0.09,-6.71,-0.37,-1.34,18.0,-5.1,23.0
9.185752153396606,-0.0,-0.99,-0.09,-8.9,-0.06,-1.46,17.25,-4.8,21.0
9.245578050613403,0.01,-0.99,-0.13,-10.85,-0.3,-1.4,18.45,-3.75,21.0
9.307229995727539,-0.0,-0.98,-0.16,-11.77,0.18,-1.46,17.55,-6.0,22.0
9.36620020866394,0.0,-0.97,-0.19,-12.5,-0.61,-1.52,18.15,-3.9,23.0
9.426101207733154,-0.0,-0.97,-0.2,-12.62,0.12,-1.28,18.45,-4.05,21.0
9.485900163650513,0.0,-0.96,-0.23,-12.62,-0.18,-1.4,18.75,-3.75,20.0
9.546608209609985,0.0,-0.96,-0.23,-12.68,-0.06,-1.46,18.75,-4.35,21.0
9.605656147003174,0.03,-0.95,-0.27,-12.2,0.12,-1.89,18.15,-4.65,19.0
9.666218042373657,0.0,-0.95,-0.27,-11.77,-0.18,-1.89,18.6,-4.95,19.0
9.72573709487915,-0.01,-0.96,-0.3,-10.79,0.18,-1.77,18.0,-4.35,19.0
9.785778045654297,-0.01,-0.96,-0.29,-10.12,0.0,-1.65,18.45,-4.05,19.0
9.846156120300293,0.01,-0.94,-0.32,-9.7,-0.3,-1.83,18.15,-3.15,18.0
9.905623197555542,0.01,-0.95,-0.31,-9.09,0.37,-1.71,18.75,-4.35,18.0
9.966223001480103,0.01,-0.94,-0.33,-8.72,-0.43,-1.83,19.65,-2.85,17.0
10.026737213134766,0.02,-0.94,-0.3,-8.23,0.12,-1.65,18.6,-6.0,19.0
10.08525800704956,0.0,-0.94,-0.36,-7.87,-0.37,-1.59,20.56,-4.05,18.0
10.146693229675293,0.01,-0.94,-0.35,-6.83,0.0,-1.4,18.75,-4.05,19.0
10.205384016036987,0.01,-0.93,-0.35,-6.16,0.0,-1.46,19.8,-3.3,18.0
10.266395092010498,0.0,-0.93,-0.37,-5.37,-0.3,-1.46,18.75,-3.75,16.0
10.325600147247314,0.0,-0.93,-0.37,-4.39,0.06,-1.28,19.65,-4.2,17.0
10.386577129364014,-0.0,-0.93,-0.36,-3.41,-0.3,-1.46,19.5,-4.35,18.0
10.445671081542969,0.02,-0.93,-0.4,-1.95,0.18,-1.4,19.5,-3.3,18.0
10.506364107131958,0.0,-0.92,-0.42,0.0,-0.12,-1.4,17.85,-3.9,18.0
10.565518140792847,0.02,-0.92,-0.44,2.68,0.0,-1.34,19.8,-4.05,18.0
10.626406192779541,0.01,-0.92,-0.43,5.37,0.0,-1.4,19.8,-3.75,17.0
10.684900045394897,0.01,-0.93,-0.39,7.8,0.0,-1.28,19.05,-5.1,17.0
10.746188163757324,0.0,-0.94,-0.39,9.57,0.0,-1.28,19.65,-4.95,17.0
10.805702209472656,0.01,-0.94,-0.37,11.28,0.06,-1.28,18.9,-3.9,17.0
10.865549087524414,-0.01,-0.93,-0.33,12.62,0.3,-0.85,18.75,-3.0,18.0
10.925318002700806,0.01,-0.95,-0.31,13.23,-0.55,-0.91,18.75,-4.8,19.0
10.985693216323853,0.01,-0.95,-0.3,13.6,0.12,-0.79,18.6,-4.2,19.0
11.04522705078125,0.0,-0.95,-0.27,13.66,-0.37,-0.85,19.8,-4.05,19.0
11.105091094970703,0.0,-0.96,-0.25,13.23,-0.3,-0.85,18.0,-4.35,20.0
11.165963172912598,0.0,-0.96,-0.22,12.99,0.06,-0.85,18.9,-3.9,19.0
11.225747108459473,0.01,-0.97,-0.24,12.68,-0.85,-1.4,18.9,-3.9,20.0
11.285474061965942,0.0,-0.98,-0.19,12.26,0.24,-1.28,19.5,-4.8,21.0
11.345522165298462,0.01,-0.97,-0.16,10.3,-0.24,-1.4,18.15,-4.95,21.0
11.40489912033081,-0.0,-0.97,-0.17,9.27,0.43,-1.22,18.45,-4.8,20.0
11.465606212615967,-0.01,-0.98,-0.17,8.29,-0.49,-1.4,19.05,-5.55,21.0
11.525806188583374,0.0,-0.97,-0.18,7.8,0.3,-1.28,18.0,-3.3,21.0
11.585576057434082,-0.0,-0.98,-0.17,7.56,0.06,-1.46,17.85,-4.95,22.0
11.645571231842041,0.0,-0.98,-0.16,7.38,0.0,-1.34,17.55,-4.65,22.0
11.706619024276733,0.0,-0.99,-0.16,6.83,0.37,-1.4,16.65,-3.0,21.0
11.765161037445068,-0.01,-0.99,-0.14,6.28,-0.61,-1.59,17.85,-4.65,23.0
11.826049089431763,0.01,-0.99,-0.12,5.43,-0.12,-1.52,17.1,-4.95,22.0
11.885672092437744,0.0,-0.98,-0.11,4.27,0.0,-1.52,17.85,-4.65,23.0
11.946933031082153,-0.03,-0.99,-0.44,-1.46,0.79,-1.28,16.2,-4.8,22.0
12.005298137664795,-0.04,-0.99,-0.19,-0.79,0.3,-1.34,16.65,-5.1,22.0
12.066102027893066,-0.01,-0.99,-0.14,0.43,0.3,-1.28,17.7,-6.9,23.0
12.125532150268555,0.01,-0.99,-0.14,0.06,0.0,-1.46,16.05,-6.45,21.0
12.186565160751343,-0.0,-0.99,-0.13,-0.24,-0.18,-1.4,17.7,-5.1,22.0
12.245199203491211,-0.0,-0.99,-0.14,-0.12,-0.24,-1.4,16.8,-5.7,23.0
12.305735111236572,-0.01,-0.98,-0.13,-0.3,-0.3,-1.46,17.85,-3.45,22.0
12.365471124649048,-0.01,-0.98,-0.1,-1.16,-0.61,-1.4,17.25,-5.55,23.0
12.425878047943115,-0.0,-0.99,-0.07,-2.68,0.79,-1.34,16.95,-4.35,22.0
12.484899997711182,0.0,-1.0,-0.07,-4.76,-0.43,-1.4,18.75,-5.1,21.0
12.54606008529663,0.0,-0.99,-0.09,-7.07,0.06,-1.16,18.15,-3.9,21.0
12.6060471534729,0.0,-0.98,-0.09,-9.63,-0.06,-1.34,17.7,-4.8,20.0
12.666218042373657,0.0,-0.98,-0.12,-11.65,-0.37,-1.46,18.75,-4.35,20.0
12.725426197052002,-0.0,-0.97,-0.14,-13.35,-0.37,-1.4,19.35,-4.95,22.0
12.785630226135254,-0.0,-0.97,-0.16,-14.63,0.06,-1.4,17.85,-5.7,22.0
12.84546709060669,0.0,-0.96,-0.2,-15.43,0.12,-1.4,17.25,-5.55,21.0
12.90644907951355,-0.01,-0.97,-0.24,-15.61,-0.43,-1.59,19.35,-5.7,20.0
12.96518611907959,-0.02,-0.96,-0.28,-15.37,0.06,-2.07,18.15,-4.65,19.0
13.025235176086426,0.01,-0.96,-0.28,-14.51,-0.06,-2.01,18.6,-4.65,20.0
13.085355997085571,0.01,-0.95,-0.3,-14.09,-0.3,-1.89,18.0,-5.1,19.0
13.145575046539307,0.01,-0.95,-0.31,-13.11,0.61,-1.83,19.5,-4.05,21.0
13.20546007156372,0.01,-0.94,-0.33,-12.13,-0.73,-1.95,18.15,-3.45,18.0
13.265785217285156,0.01,-0.94,-0.35,-10.73,0.37,-1.77,19.35,-4.65,18.0
13.325273036956787,0.03,-0.94,-0.37,-9.33,-0.3,-1.65,18.9,-3.45,17.0
13.385066032409668,0.01,-0.93,-0.38,-7.38,-0.55,-1.59,18.0,-2.25,18.0
13.445690155029297,0.0,-0.93,-0.38,-5.91,0.61,-1.34,17.7,-3.75,17.0
13.505234003067017,0.0,-0.94,-0.37,-4.82,-0.79,-1.52,18.45,-4.35,18.0
13.564990997314453,0.01,-0.92,-0.35,-3.9,0.12,-1.34,19.05,-5.55,17.0
13.626345157623291,0.01,-0.93,-0.38,-3.05,0.0,-1.34,19.35,-4.2,18.0
13.684930086135864,0.02,-0.93,-0.37,-2.32,-0.37,-1.28,19.95,-3.15,17.0
13.745668172836304,0.01,-0.92,-0.37,-1.22,0.24,-1.28,18.9,-3.9,17.0
13.805828094482422,0.01,-0.92,-0.38,0.0,-0.24,-1.4,19.5,-4.05,17.0
13.866499185562134,0.0,-0.92,-0.41,2.01,0.24,-1.34,19.95,-3.45,17.0
13.924958229064941,-0.0,-0.92,-0.41,4.57,0.06,-1.34,19.05,-4.05,16.0
13.98554515838623,0.01,-0.93,-0.44,7.2,-0.18,-1.4,20.41,-3.45,17.0
14.045133113861084,0.0,-0.93,-0.41,10.61,0.24,-1.16,19.5,-3.75,16.0
14.105173110961914,0.04,-0.93,-0.38,13.35,-0.24,-1.22,19.5,-3.0,18.0
14.165690183639526,0.01,-0.93,-0.35,15.3,0.0,-0.79,18.75,-4.05,19.0
14.226001024246216,0.01,-0.94,-0.32,16.77,-0.61,-0.85,19.95,-6.45,20.0
14.285518169403076,0.01,-0.95,-0.27,17.38,0.06,-0.67,19.65,-3.45,19.0
14.345227003097534,0.01,-0.96,-0.24,16.59,-0.24,-0.73,18.0,-5.1,19.0
14.405180215835571,-0.03,-0.97,-0.18,15.43,-0.3,-0.79,18.75,-4.35,21.0
14.464958190917969,-0.01,-0.97,-0.16,13.66,0.55,-1.22,18.15,-4.65,21.0
14.52452802658081,-0.0,-0.98,-0.14,11.52,0.0,-1.34,18.45,-5.1,21.0
14.585363149642944,-0.01,-0.98,-0.15,9.82,0.24,-1.4,16.65,-4.35,20.0
14.644846200942993,-0.0,-0.98,-0.18,9.15,0.3,-1.28,18.15,-4.65,21.0
14.706008195877075,0.01,-0.98,-0.17,9.02,0.0,-1.34,19.8,-5.55,24.0
14.765362024307251,-0.0,-0.97,-0.17,8.96,-0.12,-1.4,18.45,-4.35,22.0
14.825983047485352,0.0,-0.99,-0.13,8.35,0.0,-1.34,18.0,-5.1,22.0
14.885172128677368,0.0,-0.98,-0.09,6.89,0.24,-1.46,16.65,-4.8,22.0
14.94622015953064,0.0,-0.98,-0.13,5.85,-0.12,-1.46,18.75,-4.35,21.0
15.00475811958313,0.0,-0.99,-0.14,5.67,0.06,-1.34,16.95,-5.55,22.0
15.065277099609375,0.55,-1.34,-0.09,5.24,0.0,-1.4,17.7,-4.05,23.0
15.124871015548706,-0.04,-0.97,-0.37,-0.67,-0.79,-1.52,16.8,-5.7,23.0
15.185402154922485,0.03,-0.97,-0.19,-0.43,-0.43,-1.4,17.25,-4.35,23.0
15.244705200195312,0.0,-0.98,-0.12,0.3,0.37,-1.4,15.75,-5.7,23.0
15.304875135421753,-0.01,-0.98,-0.14,-0.12,-0.06,-1.4,16.65,-5.1,21.0
15.365218162536621,0.01,-0.99,-0.14,-0.12,-0.18,-1.4,17.1,-5.7,22.0
15.425028085708618,0.01,-1.0,-0.15,-0.37,-0.24,-1.46,16.8,-3.9,22.0
15.485181093215942,0.0,-0.99,-0.12,-0.55,-0.98,-1.46,17.7,-6.3,22.0
15.545116186141968,-0.0,-1.0,-0.08,-2.01,0.12,-1.34,17.7,-4.05,22.0
15.60484504699707,0.0,-0.99,-0.08,-4.21,0.0,-1.34,17.55,-5.7,23.0
15.665836095809937,0.01,-0.99,-0.06,-6.95,-0.24,-1.34,18.6,-6.75,22.0
15.724894046783447,-0.0,-0.98,-0.08,-9.39,0.0,-1.22,16.95,-5.85,23.0
15.786744117736816,-0.01,-0.98,-0.11,-11.46,-0.73,-1.4,18.0,-5.85,21.0
15.845437049865723,0.0,-0.98,-0.13,-13.54,0.43,-1.4,17.55,-4.65,21.0
15.905341148376465,0.0,-0.98,-0.15,-15.0,-0.37,-1.46,17.25,-5.55,21.0
15.965187072753906,-0.0,-0.96,-0.2,-16.16,0.24,-1.4,16.95,-4.35,22.0
16.026026010513306,0.01,-0.97,-0.21,-16.65,-0.3,-1.46,18.0,-5.1,20.0
16.084909200668335,-0.0,-0.95,-0.28,-16.22,-0.55,-2.01,18.6,-4.65,21.0
16.145628213882446,0.01,-0.94,-0.3,-15.37,0.43,-2.01,19.65,-3.9,19.0
16.205246210098267,0.0,-0.95,-0.3,-14.02,-0.49,-2.07,18.75,-4.05,19.0
16.265523195266724,0.01,-0.95,-0.33,-12.5,0.61,-1.77,17.7,-3.3,19.0
16.32523822784424,0.01,-0.94,-0.34,-10.91,-0.49,-1.95,18.75,-4.8,19.0
16.38551616668701,0.01,-0.94,-0.36,-9.21,0.06,-1.65,18.0,-5.1,19.0
16.44474220275879,0.01,-0.94,-0.36,-7.32,-0.06,-1.59,19.95,-3.9,18.0
16.50453805923462,0.01,-0.93,-0.37,-5.55,-0.61,-1.52,18.75,-3.75,19.0
16.565147161483765,0.01,-0.94,-0.38,-3.78,0.37,-1.28,20.41,-4.95,18.0
16.625630140304565,0.01,-0.93,-0.38,-2.07,-0.61,-1.4,19.95,-3.9,17.0
16.685294151306152,0.01,-0.94,-0.35,-0.73,-0.18,-1.4,18.0,-4.8,19.0
16.744549036026,-0.0,-0.94,-0.36,0.3,0.0,-1.46,18.75,-4.8,19.0
16.804716110229492,0.01,-0.94,-0.39,1.83,-0.12,-1.4,19.35,-4.95,18.0
16.86578106880188,0.01,-0.93,-0.4,4.09,0.43,-1.34,19.95,-3.45,17.0
16.924705028533936,0.02,-0.93,-0.37,6.4,-0.61,-1.4,19.8,-4.35,17.0
16.986053228378296,0.01,-0.94,-0.38,8.48,0.91,-0.85,18.15,-4.65,17.0
17.04487109184265,0.01,-0.94,-0.35,10.55,-0.55,-0.98,19.95,-4.95,18.0
17.105419158935547,0.01,-0.94,-0.35,12.13,-0.12,-0.91,19.35,-4.65,19.0
17.16464400291443,0.01,-0.94,-0.32,13.6,0.06,-0.67,18.0,-5.85,19.0
17.224767208099365,0.01,-0.95,-0.28,14.57,-0.55,-0.79,16.8,-5.4,19.0
17.284276008605957,0.0,-0.96,-0.27,14.76,0.0,-0.67,19.05,-4.8,20.0
17.34524703025818,-0.04,-0.96,-0.21,14.7,-0.12,-1.22,19.95,-5.4,19.0
17.405980110168457,-0.01,-0.96,-0.21,14.09,-0.24,-1.4,17.85,-4.95,20.0
17.46615719795227,0.01,-0.97,-0.16,12.68,-0.67,-1.52,17.7,-4.35,20.0
17.525161027908325,0.0,-0.98,-0.14,10.98,-0.18,-1.4,18.6,-4.95,22.0
17.5850670337677,0.01,-0.99,-0.13,9.39,0.24,-1.28,18.15,-5.7,21.0
17.644633054733276,0.0,-0.98,-0.14,8.17,0.0,-1.4,18.45,-4.05,22.0
17.705639123916626,0.01,-1.0,-0.14,6.95,-0.12,-1.46,16.8,-5.7,22.0
17.764581203460693,0.01,-0.98,-0.14,6.28,0.3,-1.4,17.55,-5.4,20.0
17.826020002365112,-0.01,-0.99,-0.12,5.3,-0.37,-1.52,18.0,-5.1,23.0
17.88417911529541,-0.0,-0.98,-0.12,4.45,0.43,-1.34,15.75,-5.7,21.0
17.944708108901978,0.0,-0.98,-0.12,3.84,-0.12,-1.4,16.95,-5.85,22.0
18.004013061523438,0.0,-0.98,-0.12,3.48,0.0,-1.28,16.65,-4.8,23.0
18.064555168151855,-0.01,-0.99,-0.12,3.23,0.24,-1.4,17.85,-5.4,22.0
18.125274181365967,0.02,-0.97,-0.24,-1.34,0.37,-1.34,16.8,-4.2,22.0
18.18526601791382,-0.03,-0.99,-0.16,-0.55,0.37,-1.28,18.15,-4.95,23.0
18.244542121887207,-0.0,-0.99,-0.13,0.24,0.12,-1.34,17.7,-4.8,21.0
18.304457187652588,0.0,-0.98,-0.12,0.0,0.0,-1.34,17.7,-5.85,22.0
18.36487102508545,0.01,-0.98,-0.14,-0.18,-0.06,-1.4,17.7,-5.55,22.0
18.424419164657593,-0.0,-1.0,-0.14,-0.24,-0.06,-1.4,18.6,-5.4,22.0
18.484848022460938,-0.0,-0.99,-0.13,-0.43,-0.18,-1.4,17.85,-6.0,23.0
18.544728994369507,0.0,-0.99,-0.07,-1.1,-0.91,-1.46,17.55,-4.2,22.0
18.60477614402771,0.01,-1.0,-0.07,-3.48,0.49,-1.34,17.7,-5.85,22.0
18.6655011177063,-0.01,-0.99,-0.05,-6.1,-0.55,-1.34,17.7,-5.1,22.0
18.72464919090271,-0.0,-0.99,-0.06,-9.21,0.24,-1.28,18.15,-4.95,22.0
18.78558921813965,-0.01,-0.99,-0.08,-12.13,-0.06,-1.34,18.6,-5.4,24.0
18.844441175460815,0.0,-0.97,-0.12,-14.45,-0.49,-1.4,17.85,-5.7,20.0
18.90441608428955,0.01,-0.98,-0.17,-16.16,0.73,-1.28,18.0,-4.8,21.0
18.965171098709106,0.0,-0.97,-0.19,-17.13,-0.61,-1.52,17.25,-4.05,20.0
19.026018142700195,0.0,-0.96,-0.24,-17.07,0.12,-1.4,17.55,-5.4,21.0
19.085007190704346,0.0,-0.96,-0.29,-16.4,-0.43,-2.2,18.9,-4.95,20.0
19.14518713951111,0.01,-0.95,-0.31,-15.3,-0.49,-2.13,18.15,-3.9,19.0
19.204111099243164,0.0,-0.95,-0.3,-14.33,0.0,-1.95,18.45,-4.05,19.0
19.26608920097351,0.02,-0.94,-0.33,-13.41,0.12,-1.89,18.75,-4.35,20.0
19.32513999938965,0.01,-0.94,-0.34,-11.95,0.06,-1.83,19.35,-3.45,18.0
19.38571310043335,0.01,-0.95,-0.34,-10.79,-0.06,-1.71,19.65,-4.65,18.0
19.444565057754517,0.01,-0.94,-0.37,-9.45,-0.18,-1.52,18.15,-4.95,18.0
19.504542112350464,-0.0,-0.94,-0.38,-8.11,0.3,-1.46,19.65,-4.2,17.0
19.564885139465332,0.0,-0.93,-0.38,-6.16,-0.37,-1.46,19.35,-4.2,19.0
19.62481713294983,0.02,-0.93,-0.4,-3.84,-0.43,-1.52,18.9,-3.45,18.0
19.68419599533081,0.01,-0.93,-0.42,-1.34,0.37,-1.28,18.9,-4.2,16.0
19.745739221572876,-0.0,-0.92,-0.41,0.85,-0.49,-1.46,19.5,-3.3,18.0
19.804232120513916,0.02,-0.93,-0.4,2.87,0.37,-1.34,19.05,-4.05,17.0
19.865450143814087,0.01,-0.93,-0.4,5.06,0.24,-1.22,18.45,-5.1,17.0
19.924437046051025,0.01,-0.92,-0.4,7.32,-0.24,-1.34,18.9,-3.9,17.0
19.98572015762329,0.01,-0.93,-0.38,9.94,0.12,-1.16,18.45,-3.3,17.0
20.044252157211304,-0.0,-0.94,-0.35,12.07,0.12,-0.91,19.5,-2.55,17.0
20.10428810119629,0.0,-0.94,-0.34,13.35,-0.12,-0.91,19.8,-4.05,19.0
20.16477108001709,0.01,-0.94,-0.34,14.7,-0.12,-0.85,19.65,-4.95,18.0
20.224914073944092,0.01,-0.94,-0.3,15.67,-0.37,-0.79,19.5,-5.55,20.0
20.285256147384644,0.01,-0.96,-0.25,16.34,-0.24,-0.73,17.25,-3.0,19.0
20.34574604034424,-0.03,-0.98,-0.24,16.4,0.0,-0.85,17.55,-4.65,20.0
20.4049711227417,-0.0,-0.97,-0.18,15.98,0.3,-1.28,18.9,-3.45,21.0
20.464644193649292,0.0,-0.97,-0.18,15.0,0.0,-1.4,18.75,-4.8,22.0
20.524574041366577,-0.0,-0.98,-0.15,13.96,0.0,-1.4,18.15,-4.95,21.0
20.58507513999939,0.0,-0.98,-0.12,12.2,-0.12,-1.4,17.25,-5.1,21.0
20.644888162612915,-0.0,-0.99,-0.09,10.18,0.06,-1.52,18.0,-4.05,20.0
20.705241203308105,0.02,-0.99,-0.08,7.13,0.06,-1.4,16.65,-4.8,22.0
20.764687061309814,0.0,-0.99,-0.08,4.82,0.24,-1.52,16.95,-3.3,23.0
20.824665069580078,0.01,-0.99,-0.13,3.17,-0.12,-1.52,17.85,-4.2,21.0
20.88386106491089,0.01,-0.99,-0.17,2.99,0.12,-1.4,18.15,-2.85,21.0
20.94396710395813,0.0,-0.98,-0.16,3.41,0.0,-1.46,18.75,-5.55,22.0
21.004857063293457,0.16,-1.02,0.09,3.11,0.43,-1.28,17.7,-5.85,22.0
21.064707040786743,0.05,-0.99,-0.07,0.24,-1.46,-1.65,18.9,-4.65,23.0
21.124247074127197,0.02,-0.98,-0.15,-0.06,0.06,-1.4,17.1,-4.2,22.0
21.184861183166504,0.01,-0.99,-0.13,0.12,0.0,-1.4,17.1,-5.4,22.0
21.244530200958252,-0.01,-0.99,-0.14,-0.12,-0.06,-1.4,17.25,-4.8,22.0
21.304725170135498,0.01,-0.99,-0.14,-0.06,-0.18,-1.4,15.75,-6.0,21.0
21.36445116996765,0.0,-0.99,-0.13,0.18,0.0,-1.46,17.25,-4.35,21.0
21.42478322982788,0.0,-1.0,-0.13,0.12,0.12,-1.4,17.1,-4.65,21.0
21.484295129776,0.0,-0.97,-0.16,-0.12,-0.24,-1.4,18.6,-6.75,22.0
21.544608116149902,-0.01,-0.99,-0.12,0.0,0.0,-1.46,18.15,-5.4,22.0
21.604076147079468,-0.01,-0.99,-0.11,0.06,-0.24,-1.59,17.7,-5.85,21.0
21.665228128433228,-0.01,-0.99,-0.15,0.24,0.0,-1.95,17.55,-5.4,24.0
21.72482419013977,0.02,-0.98,-0.11,0.06,-0.3,-2.5,16.35,-5.7,22.0
21.784768104553223,-0.04,-1.0,-0.14,-0.24,0.12,-3.48,15.75,-6.0,22.0
21.84499216079712,-0.03,-1.0,-0.13,-0.37,0.37,-4.94,16.65,-5.1,21.0
21.904975175857544,-0.02,-0.99,-0.13,-0.37,0.37,-6.1,17.1,-5.4,22.0
21.96427321434021,-0.0,-0.99,-0.12,-1.04,0.79,-6.71,16.8,-4.65,24.0
22.023951053619385,-0.01,-0.99,-0.13,-1.16,0.79,-7.74,18.15,-4.95,22.0
22.084452152252197,0.02,-1.0,-0.11,-1.16,0.98,-8.66,16.95,-4.8,21.0
22.144742012023926,0.02,-0.99,-0.13,-1.34,0.91,-9.33,15.75,-5.4,22.0
22.20460319519043,0.03,-0.99,-0.12,-1.1,0.79,-10.18,17.1,-5.4,23.0
22.263926029205322,0.05,-0.98,-0.13,-1.34,1.4,-10.43,15.45,-5.1,22.0
22.324015140533447,0.06,-0.98,-0.15,-1.4,1.04,-10.43,16.2,-5.85,23.0
22.38407301902771,0.08,-0.98,-0.14,-1.46,1.4,-10.55,15.75,-5.4,22.0
22.444114208221436,0.09,-0.97,-0.14,-1.4,1.04,-10.67,17.55,-5.4,22.0
22.504868030548096,0.11,-0.97,-0.16,-1.4,1.34,-10.85,15.75,-6.45,22.0
22.56441307067871,0.12,-0.98,-0.15,-1.4,1.34,-10.37,15.45,-6.6,23.0
22.624751091003418,0.14,-0.97,-0.14,-1.34,1.04,-9.76,15.3,-7.2,23.0
22.6840500831604,0.13,-0.97,-0.15,-1.22,0.98,-9.02,12.75,-5.7,23.0
22.745634078979492,0.14,-0.98,-0.17,-1.28,1.1,-8.84,14.55,-6.45,23.0
22.8040771484375,0.15,-0.97,-0.16,-0.91,0.61,-8.23,13.65,-6.6,24.0
22.8648362159729,0.15,-0.98,-0.14,-1.04,0.91,-7.56,15.3,-6.75,22.0
22.92465305328369,0.17,-0.97,-0.16,-0.61,0.79,-7.32,13.35,-8.1,22.0
22.985287189483643,0.16,-0.98,-0.15,-0.61,0.61,-7.32,13.8,-6.45,24.0
23.043837070465088,0.17,-0.97,-0.16,-0.73,0.91,-7.13,13.2,-6.45,23.0
23.103718996047974,0.2,-0.96,-0.15,-0.67,0.61,-6.46,13.5,-6.45,23.0
23.164680004119873,0.19,-0.96,-0.16,-0.55,0.49,-5.67,12.9,-7.65,24.0
23.225300073623657,0.19,-0.97,-0.16,-0.43,0.3,-5.24,12.45,-4.95,23.0
23.283765077590942,0.18,-0.97,-0.16,-0.37,0.43,-5.37,13.35,-5.55,23.0
23.343871116638184,0.18,-0.96,-0.16,-0.49,0.61,-5.73,11.85,-6.3,25.0
23.404564142227173,0.19,-0.96,-0.15,-0.49,0.49,-5.85,12.75,-8.25,24.0
23.464789152145386,0.19,-0.96,-0.16,-0.67,0.37,-5.91,12.3,-7.35,23.0
23.52353310585022,0.19,-0.96,-0.16,-0.55,0.37,-6.22,10.5,-6.9,24.0
23.584578037261963,0.2,-0.96,-0.17,-0.67,0.67,-6.4,12.6,-5.55,23.0
23.644435167312622,0.21,-0.96,-0.16,-0.73,0.61,-6.89,12.3,-5.85,23.0
23.70417022705078,0.2,-0.95,-0.18,-0.85,0.73,-7.5,10.8,-6.6,24.0
23.76383399963379,0.2,-0.95,-0.17,-0.85,0.85,-7.93,11.4,-7.2,23.0
23.82462501525879,0.22,-0.95,-0.16,-0.91,0.91,-8.48,10.8,-8.4,23.0
23.883915185928345,0.23,-0.95,-0.15,-0.98,1.1,-9.09,11.4,-7.2,24.0
23.944363117218018,0.21,-0.95,-0.14,-1.22,1.46,-10.0,9.75,-8.4,24.0
24.003884077072144,0.25,-0.94,-0.17,-1.1,1.04,-11.04,11.85,-5.85,24.0
24.06466507911682,0.27,-0.94,-0.17,-1.28,1.46,-10.91,10.5,-6.3,25.0
24.124069213867188,0.3,-0.94,-0.16,-1.28,1.16,-10.61,10.95,-7.8,23.0
24.183727025985718,0.29,-0.93,-0.19,-1.46,1.28,-10.24,10.05,-7.65,24.0
24.244195222854614,0.32,-0.93,-0.17,-1.34,1.28,-9.7,8.4,-9.3,24.0
24.304473161697388,0.35,-0.93,-0.17,-1.1,0.85,-8.9,8.4,-7.5,25.0
24.36394500732422,0.35,-0.93,-0.16,-0.91,0.79,-7.56,9.75,-8.4,25.0
24.423811197280884,0.34,-0.93,-0.19,-0.55,0.67,-6.46,7.2,-7.35,25.0
24.48408603668213,0.31,-0.93,-0.17,-0.73,0.79,-6.1,8.85,-7.8,23.0
24.544015169143677,0.3,-0.94,-0.17,-0.67,0.67,-6.83,7.65,-6.75,25.0
24.60391402244568,0.32,-0.92,-0.18,-0.91,0.91,-7.2,8.55,-7.65,24.0
24.66518807411194,0.36,-0.92,-0.19,-0.67,0.91,-7.13,7.2,-7.65,25.0
24.723682165145874,0.36,-0.91,-0.18,-0.67,0.79,-6.34,6.75,-7.35,23.0
24.78473711013794,0.38,-0.91,-0.19,-0.67,0.49,-5.61,8.1,-8.55,24.0
24.84434413909912,0.4,-0.91,-0.19,-0.49,0.3,-4.09,6.15,-8.1,25.0
24.905283212661743,0.41,-0.9,-0.18,-0.18,0.12,-2.13,7.95,-8.7,24.0
24.9635591506958,0.38,-0.9,-0.18,-0.06,-0.12,-0.37,8.1,-8.55,24.0
25.024724006652832,0.38,-0.91,-0.17,0.06,-0.18,0.67,7.95,-8.1,23.0
25.084232091903687,0.39,-0.9,-0.18,0.24,-0.12,1.59,7.05,-8.25,24.0
25.144201040267944,0.38,-0.91,-0.18,0.61,-0.73,2.8,7.5,-8.1,25.0
25.20371103286743,0.38,-0.91,-0.18,0.61,-0.79,4.15,8.55,-9.15,24.0
25.26427721977234,0.37,-0.9,-0.18,0.73,-1.04,5.61,9.9,-6.75,24.0
25.32366108894348,0.36,-0.92,-0.19,0.98,-1.16,7.13,9.15,-7.5,23.0
25.384761095046997,0.35,-0.92,-0.17,1.1,-1.34,8.48,9.3,-8.7,24.0
25.444459199905396,0.34,-0.93,-0.18,1.4,-1.59,9.51,10.2,-7.8,24.0
25.50493621826172,0.29,-0.93,-0.16,1.4,-1.89,10.18,10.8,-8.4,24.0
25.563541173934937,0.29,-0.94,-0.16,1.4,-1.71,10.37,8.85,-6.75,24.0
25.62443208694458,0.28,-0.93,-0.18,1.4,-1.83,10.73,12.3,-7.35,24.0
25.683547019958496,0.25,-0.95,-0.17,1.52,-1.89,10.91,10.95,-7.8,24.0
25.744356155395508,0.25,-0.95,-0.15,1.46,-2.01,11.04,11.1,-6.3,23.0
25.80366802215576,0.23,-0.94,-0.17,1.59,-1.65,11.16,10.2,-7.5,23.0
25.864204168319702,0.21,-0.96,-0.14,1.52,-1.95,10.61,12.0,-7.2,22.0
25.923495054244995,0.17,-0.97,-0.17,1.28,-1.65,9.82,12.6,-8.1,25.0
25.984963178634644,0.16,-0.97,-0.15,1.4,-1.52,8.35,11.1,-7.65,23.0
26.0440092086792,0.17,-0.96,-0.16,1.04,-1.4,7.38,11.1,-7.65,23.0
26.104275226593018,0.15,-0.96,-0.15,0.98,-1.28,6.83,12.45,-8.25,23.0
26.163965225219727,0.17,-0.97,-0.15,0.91,-1.16,6.46,13.2,-6.75,23.0
26.223965167999268,0.16,-0.97,-0.14,0.85,-1.34,6.46,13.2,-6.75,23.0
26.28365206718445,0.17,-0.97,-0.17,0.85,-1.16,6.46,13.5,-7.8,22.0
26.34327006340027,0.16,-0.96,-0.15,0.91,-1.22,6.95,14.55,-5.7,23.0
26.404165029525757,0.12,-0.98,-0.17,0.85,-1.34,7.13,13.8,-6.0,23.0
26.464418172836304,0.1,-0.98,-0.16,0.73,-0.98,6.46,14.7,-6.9,23.0
26.523301124572754,0.1,-0.98,-0.15,0.91,-1.04,5.24,15.0,-4.2,23.0
26.584550142288208,0.08,-0.98,-0.16,0.73,-0.98,4.21,15.3,-5.4,23.0
26.643554210662842,0.1,-0.98,-0.15,0.73,-0.55,3.9,15.9,-6.6,22.0
26.703755140304565,0.12,-0.98,-0.14,0.73,-0.79,4.09,15.0,-6.75,22.0
26.763787031173706,0.1,-0.98,-0.14,0.79,-1.04,4.88,14.55,-6.0,23.0
26.82399606704712,0.08,-0.98,-0.16,0.85,-0.98,5.12,16.05,-6.0,22.0
26.8833110332489,0.06,-0.99,-0.15,0.73,-1.1,4.57,15.9,-6.6,23.0
26.944582223892212,0.04,-0.99,-0.13,0.61,-0.67,3.9,16.8,-5.4,22.0
27.003409147262573,0.04,-0.99,-0.15,0.43,-0.61,2.5,16.2,-5.85,21.0
27.06440019607544,0.05,-0.98,-0.13,0.37,-0.49,1.71,15.75,-5.7,23.0
27.123459100723267,0.07,-0.98,-0.15,0.37,-0.49,1.46,16.35,-6.0,23.0
27.184616088867188,0.06,-0.98,-0.16,0.3,-0.49,1.65,14.55,-5.7,22.0
27.24343204498291,0.06,-0.99,-0.15,0.24,-0.49,1.65,15.45,-5.1,21.0
27.304641008377075,0.06,-0.98,-0.14,0.43,-0.61,1.46,17.55,-5.4,21.0
27.363692045211792,0.05,-0.99,-0.15,0.24,-0.55,1.52,16.2,-4.8,21.0
27.423832178115845,0.05,-0.99,-0.13,0.18,-0.43,1.46,17.55,-5.7,22.0
27.483655214309692,0.05,-0.99,-0.14,0.37,-0.49,1.52,16.2,-5.1,22.0
27.5440571308136,0.04,-0.99,-0.15,0.37,-0.61,1.46,16.2,-5.55,22.0
27.603811025619507,0.03,-0.98,-0.14,0.24,-0.61,1.77,17.55,-5.7,22.0
27.663316011428833,0.04,-0.99,-0.13,0.24,-0.61,1.65,16.05,-4.65,23.0
27.723693132400513,0.02,-0.98,-0.15,0.37,-0.49,1.65,16.8,-3.9,23.0
27.783960103988647,0.01,-0.98,-0.15,0.3,-0.43,1.59,16.35,-5.4,21.0
27.843789100646973,0.02,-0.98,-0.14,0.24,-0.43,1.59,17.7,-5.55,22.0
27.903902053833008,0.03,-0.99,-0.12,0.3,-0.43,1.4,15.45,-4.35,21.0
27.96370506286621,0.03,-0.99,-0.14,0.43,-0.43,1.4,16.95,-4.8,22.0
28.0239360332489,0.02,-0.99,-0.14,0.24,-0.55,1.4,17.85,-4.95,23.0
28.083864212036133,0.03,-0.98,-0.14,0.18,-0.49,1.52,17.1,-3.45,21.0
28.14405107498169,0.02,-0.99,-0.14,0.3,-0.61,1.65,17.85,-5.4,23.0
28.203976154327393,0.01,-0.98,-0.14,0.3,-0.49,1.77,17.7,-5.1,22.0
28.263768196105957,-0.0,-0.98,-0.14,0.37,-0.61,1.65,17.55,-4.95,24.0
28.32351517677307,-0.14,-1.01,0.15,0.3,-0.91,1.34,17.25,-5.85,21.0
28.383069038391113,-0.03,-1.0,-0.13,0.49,-0.12,-2.07,17.25,-5.85,22.0
28.44369602203369,0.05,-0.97,-0.12,-0.43,-0.37,-1.22,17.7,-5.55,21.0
28.503722190856934,-0.03,-0.99,-0.18,0.0,0.0,-0.91,17.55,-5.4,23.0
28.56378412246704,-0.0,-0.99,-0.12,-0.18,-0.18,-1.34,16.95,-4.05,23.0
28.622992038726807,-0.0,-0.98,-0.11,0.12,0.0,-1.22,17.55,-5.4,22.0
28.683539152145386,0.0,-0.99,-0.13,0.06,0.06,-1.34,17.7,-4.8,23.0
28.743226051330566,0.0,-1.0,-0.13,0.0,0.06,-1.34,16.35,-4.2,22.0
28.803961038589478,-0.01,-0.99,-0.14,-0.24,-0.06,-1.28,17.7,-5.55,22.0
28.864081144332886,0.01,-0.95,-0.12,0.49,0.43,-1.16,18.45,-5.55,22.0
28.92330503463745,0.03,-0.99,-0.12,0.18,0.3,0.0,18.6,-5.4,22.0
28.984294176101685,0.02,-0.99,-0.17,-0.18,0.12,0.43,17.85,-5.4,22.0
29.04320001602173,0.07,-1.0,-0.1,-0.43,-0.43,2.74,17.85,-5.7,22.0
29.1041100025177,0.05,-0.99,-0.12,-0.85,-1.59,4.76,16.95,-3.75,21.0
29.16350507736206,0.03,-0.99,-0.14,-1.16,-0.91,6.59,17.85,-4.65,21.0
29.22377300262451,0.03,-0.99,-0.14,-1.52,-2.07,7.8,18.15,-3.9,22.0
29.283541202545166,0.0,-0.98,-0.14,-1.52,-1.52,9.57,18.6,-4.2,22.0
29.343289136886597,-0.0,-0.99,-0.12,-1.83,-1.95,11.04,19.35,-4.2,22.0
29.403473138809204,-0.03,-0.97,-0.14,-2.07,-2.13,12.07,18.9,-3.9,22.0
29.464145183563232,-0.06,-0.98,-0.14,-2.13,-2.32,13.05,19.8,-4.05,22.0
29.52359414100647,-0.12,-0.97,-0.13,-2.5,-2.38,12.87,19.35,-3.15,21.0
29.584456205368042,-0.18,-0.97,-0.15,-1.83,-1.65,11.71,20.26,-3.3,21.0
29.64338707923889,-0.2,-0.96,-0.17,-1.52,-1.95,9.02,20.71,-3.15,21.0
29.70383906364441,-0.21,-0.96,-0.14,-0.73,-0.91,6.46,21.31,-3.3,21.0
29.763543128967285,-0.19,-0.96,-0.17,-0.67,-0.98,4.02,21.16,-2.1,20.0
29.824016094207764,-0.2,-0.97,-0.15,-0.49,-0.49,1.89,21.61,-2.25,21.0
29.883774995803833,-0.24,-0.96,-0.16,-0.43,-0.37,-0.61,20.56,-2.25,22.0
29.9445481300354,-0.28,-0.96,-0.17,0.0,0.55,-4.63,21.91,-2.1,20.0
30.00324511528015,-0.25,-0.95,-0.15,0.79,1.34,-9.21,20.26,-2.55,20.0
30.063148021697998,-0.23,-0.97,-0.15,1.34,1.77,-13.29,20.26,-1.95,20.0
30.12298011779785,-0.18,-0.96,-0.14,2.13,2.74,-16.34,19.65,-3.15,20.0
30.18317699432373,-0.1,-0.97,-0.13,2.56,2.2,-18.54,19.5,-3.0,21.0
30.243487119674683,-0.05,-0.97,-0.16,1.89,2.32,-18.11,20.26,-3.0,21.0
30.303733110427856,-0.0,-0.98,-0.11,2.87,2.68,-16.1,18.9,-4.95,22.0
30.36308217048645,0.01,-0.98,-0.14,1.4,1.4,-14.45,19.65,-3.15,21.0
30.42369818687439,-0.04,-0.98,-0.14,1.52,1.89,-12.99,17.85,-3.9,21.0
30.482765197753906,0.01,-1.0,-0.12,1.65,1.52,-12.93,17.55,-4.95,22.0
30.543406009674072,0.06,-1.0,-0.12,1.34,1.52,-10.85,17.85,-5.7,22.0
30.60344099998474,0.46,-1.02,0.03,-1.95,-1.89,-6.28,18.45,-3.75,22.0
30.663562059402466,-0.04,-0.98,-0.19,-0.18,-0.06,0.18,16.8,-3.9,22.0
30.723303079605103,-0.02,-0.99,-0.08,0.06,0.06,-2.01,18.15,-5.4,22.0
30.7838351726532,-0.02,-0.99,-0.17,-0.67,-0.24,-2.74,16.8,-4.95,23.0
30.843466997146606,-0.1,-0.98,-0.15,-0.24,-0.06,-1.4,16.8,-4.65,21.0
30.903788089752197,-0.0,-0.99,-0.15,-0.12,0.3,-1.34,17.1,-5.7,23.0
30.963454008102417,0.0,-0.99,-0.14,0.12,0.0,-1.4,17.7,-4.35,22.0
31.02391219139099,0.01,-0.99,-0.14,0.06,-0.37,-1.4,18.0,-4.8,22.0
31.083121061325073,0.01,-0.99,-0.11,-0.3,-0.24,-1.46,18.45,-5.85,22.0
31.14334201812744,-0.06,-0.99,-0.17,0.12,-0.49,-2.38,15.9,-6.3,22.0
31.20299506187439,-0.04,-1.0,-0.12,-0.06,-0.3,-4.21,16.2,-5.85,21.0
31.264227151870728,-0.05,-0.99,-0.12,-0.37,0.43,-6.28,18.15,-5.7,22.0
31.322896003723145,-0.03,-1.0,-0.14,-1.1,1.28,-7.93,17.55,-5.7,22.0
31.38439917564392,-0.02,-0.99,-0.12,-1.22,0.61,-9.57,16.95,-5.1,22.0
31.443486213684082,-0.03,-0.99,-0.14,-1.46,1.4,-11.34,16.05,-5.4,23.0
31.50355815887451,0.01,-0.98,-0.13,-1.71,1.52,-12.8,16.05,-4.65,22.0
31.563488006591797,0.04,-0.99,-0.11,-1.83,1.52,-13.9,17.25,-4.35,23.0
31.62437915802002,0.04,-0.98,-0.15,-1.89,1.77,-14.39,15.75,-6.0,22.0
31.683534145355225,0.09,-0.97,-0.14,-1.95,1.83,-14.76,14.25,-5.4,21.0
31.744200229644775,0.08,-0.98,-0.14,-2.07,1.59,-14.76,15.75,-6.45,23.0
31.803609132766724,0.1,-0.97,-0.14,-2.01,1.16,-15.12,14.55,-7.8,23.0
31.86337900161743,0.12,-0.98,-0.16,-2.32,1.95,-15.55,13.8,-5.4,21.0
31.922706127166748,0.15,-0.96,-0.18,-1.71,1.77,-15.73,14.7,-6.6,23.0
31.98388409614563,0.16,-0.97,-0.15,-1.89,2.13,-15.43,13.2,-6.0,23.0
32.04345107078552,0.19,-0.96,-0.16,-1.89,1.95,-15.12,13.5,-7.2,23.0
32.1043381690979,0.2,-0.96,-0.16,-1.65,1.4,-14.57,12.45,-7.5,23.0
32.16240906715393,0.23,-0.96,-0.16,-1.65,1.65,-13.78,11.4,-7.2,23.0
32.22316002845764,0.23,-0.95,-0.18,-1.59,1.4,-12.8,12.9,-7.35,23.0
32.28299903869629,0.24,-0.95,-0.16,-1.4,1.46,-12.38,11.1,-7.65,23.0
32.343966007232666,0.24,-0.96,-0.14,-1.52,1.28,-11.4,10.8,-8.7,25.0
32.4035210609436,0.24,-0.95,-0.18,-1.65,1.83,-11.46,10.2,-6.0,22.0
32.4632670879364,0.23,-0.95,-0.16,-1.28,0.91,-12.38,10.2,-7.2,24.0
32.52267813682556,0.24,-0.96,-0.18,-1.59,1.83,-12.62,11.4,-7.8,24.0
32.5830020904541,0.28,-0.94,-0.17,-1.52,1.65,-12.99,8.55,-5.85,23.0
32.643450021743774,0.31,-0.93,-0.16,-1.65,1.1,-12.74,9.15,-8.25,23.0
32.70396304130554,0.32,-0.94,-0.19,-1.52,2.01,-11.46,9.45,-7.2,22.0
32.76297307014465,0.36,-0.92,-0.18,-0.91,0.67,-10.24,9.3,-6.9,25.0
32.82392501831055,0.33,-0.93,-0.14,-0.98,1.4,-9.15,9.45,-7.5,24.0
32.88276815414429,0.31,-0.92,-0.18,-1.4,1.28,-9.02,10.05,-7.35,23.0
32.94316101074219,0.35,-0.91,-0.18,-0.98,0.98,-9.15,8.25,-6.6,24.0
33.00228214263916,0.35,-0.92,-0.16,-1.04,1.16,-8.66,7.35,-8.25,24.0
33.062867164611816,0.38,-0.91,-0.17,-0.98,0.91,-7.87,8.25,-7.35,24.0
33.12310314178467,0.38,-0.91,-0.18,-0.67,0.49,-7.26,7.2,-8.1,23.0
33.182427167892456,0.41,-0.9,-0.19,-0.49,0.79,-6.04,7.65,-7.5,24.0
33.242751121520996,0.41,-0.9,-0.18,-0.55,0.18,-4.33,9.15,-8.25,24.0
33.30374002456665,0.43,-0.9,-0.18,-0.3,0.3,-2.32,7.65,-7.8,22.0
33.36199402809143,0.42,-0.9,-0.21,0.06,0.0,0.06,6.3,-9.6,24.0
33.42377305030823,0.42,-0.9,-0.17,0.18,-0.43,2.01,7.2,-8.7,26.0
33.482402086257935,0.44,-0.89,-0.17,0.37,-0.67,4.15,7.5,-8.7,25.0
33.543612003326416,0.44,-0.9,-0.18,1.04,-1.4,6.71,7.65,-7.8,24.0
33.603153228759766,0.42,-0.9,-0.19,1.28,-1.4,9.57,7.5,-7.35,25.0
33.66299319267273,0.4,-0.9,-0.16,1.95,-2.2,12.38,7.5,-8.4,24.0
33.722660064697266,0.39,-0.9,-0.19,2.07,-2.38,15.06,8.25,-7.65,25.0
33.782748222351074,0.34,-0.92,-0.17,2.32,-2.68,17.2,9.15,-8.25,23.0
33.84343910217285,0.28,-0.93,-0.18,2.44,-3.17,18.17,11.1,-8.7,22.0
33.90317702293396,0.22,-0.95,-0.18,2.2,-2.68,17.68,10.95,-7.5,24.0
33.96229410171509,0.2,-0.95,-0.16,2.26,-2.74,16.4,10.2,-7.2,23.0
34.022940158843994,0.17,-0.96,-0.15,1.95,-2.5,15.06,12.6,-6.6,24.0
34.0825080871582,0.16,-0.96,-0.16,1.83,-2.26,13.72,12.0,-8.25,24.0
34.143458127975464,0.17,-0.96,-0.18,1.71,-2.32,12.62,14.25,-6.75,23.0
34.20249104499817,0.17,-0.96,-0.14,1.71,-2.01,12.2,13.35,-8.1,23.0
34.26258206367493,0.15,-0.96,-0.15,1.46,-2.07,11.95,13.2,-6.0,24.0
34.322530031204224,0.1,-0.98,-0.16,1.59,-1.77,11.28,14.1,-5.1,22.0
34.38258719444275,0.05,-1.0,-0.18,1.46,-2.26,10.06,13.8,-6.0,22.0
34.44292616844177,0.08,-0.99,-0.14,1.1,-1.22,7.93,14.4,-6.6,23.0
34.50240421295166,0.08,-0.98,-0.14,1.04,-1.22,6.46,15.9,-6.9,24.0
34.56313920021057,0.09,-0.99,-0.16,0.85,-1.28,5.67,14.1,-5.55,23.0
34.62278699874878,0.1,-0.98,-0.16,0.79,-0.98,5.24,12.9,-4.8,23.0
34.682096004486084,0.09,-0.98,-0.14,0.91,-1.16,5.12,14.7,-5.85,23.0
34.74305510520935,0.08,-0.97,-0.15,0.91,-0.79,5.24,14.7,-5.55,23.0
34.802473068237305,0.07,-0.98,-0.15,0.79,-1.04,5.24,15.75,-7.2,22.0
34.86312413215637,0.06,-0.99,-0.16,0.85,-0.91,5.06,16.05,-6.75,22.0
34.92272210121155,0.06,-0.99,-0.14,0.79,-1.04,5.0,15.9,-5.1,21.0
34.982346057891846,0.04,-0.99,-0.14,0.73,-1.04,4.09,15.9,-6.6,21.0
35.04294300079346,0.04,-0.98,-0.13,0.37,-0.67,3.6,16.8,-4.95,22.0
35.102577209472656,0.04,-0.99,-0.14,0.43,-0.79,3.35,16.95,-5.85,21.0
35.1621310710907,0.06,-0.98,-0.15,0.61,-0.73,3.23,15.0,-5.4,23.0
35.222846031188965,0.05,-0.99,-0.15,0.61,-0.85,3.6,17.7,-6.9,22.0
35.282480001449585,0.04,-0.99,-0.12,0.61,-0.85,3.9,15.75,-4.95,21.0
35.34219312667847,0.02,-0.99,-0.14,0.61,-0.79,3.78,17.1,-4.2,22.0
35.40260314941406,0.01,-0.99,-0.14,0.49,-0.85,3.35,17.55,-6.45,23.0
35.4630491733551,0.01,-0.98,-0.14,0.43,-0.67,3.23,17.25,-6.6,23.0
35.52251315116882,0.02,-0.98,-0.14,0.43,-0.61,3.11,18.0,-4.05,22.0
35.58237314224243,0.01,-0.98,-0.14,0.49,-0.67,2.99,17.85,-6.0,23.0
35.6426842212677,-0.01,-0.99,-0.12,0.67,-0.98,2.8,18.0,-5.85,22.0
35.70209813117981,0.1,-0.96,-0.01,-0.06,1.04,-1.95,17.55,-5.4,21.0
35.76247501373291,0.08,-0.99,-0.07,0.37,-0.79,-1.52,17.55,-4.65,22.0
35.82341909408569,-0.02,-0.98,-0.08,0.37,-0.24,-1.4,17.7,-4.8,21.0
35.882039070129395,-0.01,-0.98,-0.11,-0.37,0.0,-1.34,16.8,-3.9,21.0
35.94278907775879,0.01,-0.98,-0.09,-0.98,-0.43,-1.4,16.8,-6.0,22.0
36.00213623046875,-0.02,-0.99,-0.05,-1.4,-2.93,-1.77,17.25,-5.55,22.0
36.062690019607544,0.0,-0.99,-0.08,-4.15,-4.82,-2.13,16.35,-3.15,21.0
36.12229609489441,0.01,-1.0,-0.05,-7.2,-4.02,-1.95,17.1,-4.95,22.0
36.18384504318237,0.01,-0.98,-0.11,-10.37,-0.98,-1.4,16.95,-6.3,20.0
36.24298620223999,-0.01,-0.98,-0.12,-12.26,1.52,-1.22,18.0,-5.55,21.0
36.30334806442261,0.0,-0.99,-0.15,-13.48,-1.28,-1.52,18.15,-4.65,21.0
36.36266303062439,0.0,-0.98,-0.15,-14.63,0.18,-1.4,17.7,-4.8,19.0
36.42313504219055,0.0,-0.97,-0.2,-15.61,-0.06,-1.4,18.0,-4.35,20.0
36.48247313499451,-0.0,-0.97,-0.23,-15.67,-0.61,-1.46,18.45,-4.35,20.0
36.542994022369385,-0.04,-0.96,-0.28,-14.88,0.49,-1.83,17.7,-5.85,19.0
36.60248112678528,-0.01,-0.96,-0.27,-13.54,0.12,-1.89,18.0,-4.05,19.0
36.66278600692749,0.01,-0.96,-0.31,-12.74,-0.3,-1.89,18.75,-4.8,19.0
36.72224521636963,0.01,-0.95,-0.32,-11.71,0.0,-1.83,18.45,-3.0,19.0
36.78271007537842,0.02,-0.94,-0.32,-10.67,-0.3,-1.83,18.75,-5.1,17.0
36.842767000198364,0.02,-0.95,-0.35,-8.78,0.0,-1.65,17.25,-4.35,19.0
36.90240001678467,0.01,-0.95,-0.38,-6.4,0.0,-1.65,17.7,-3.75,19.0
36.96242809295654,0.01,-0.93,-0.41,-3.54,-0.06,-1.52,18.45,-4.35,18.0
37.023388147354126,-0.01,-0.94,-0.41,0.06,-0.12,-1.46,18.15,-5.4,18.0
37.08234214782715,-0.04,-0.96,-0.37,4.51,-5.24,-3.17,18.15,-3.45,19.0
37.14309310913086,0.01,-0.94,-0.38,8.66,-15.24,-6.1,18.6,-6.0,19.0
37.20264410972595,-0.06,-0.96,-0.25,11.1,-23.78,-8.6,18.0,-4.8,17.0
37.26316714286804,0.07,-0.94,-0.23,10.12,-27.93,-9.82,18.45,-3.0,17.0
37.32270812988281,0.14,-0.95,-0.2,7.07,-24.02,-8.6,18.45,-4.05,15.0
37.38335299491882,0.07,-0.95,-0.19,1.1,-12.5,-4.63,19.5,-4.35,16.0
37.4424831867218,-0.03,-0.96,-0.23,-3.17,9.76,-0.18,17.55,-4.95,15.0
37.503308057785034,0.15,-0.95,-0.2,-6.95,19.51,4.21,17.25,-5.1,14.0
37.56262803077698,0.07,-0.95,0.06,-9.15,28.84,6.71,18.45,-5.55,16.0
37.62368202209473,-0.03,-0.94,-0.35,-9.21,34.15,6.83,18.45,-3.75,17.0
37.68280816078186,-0.08,-0.95,-0.41,-7.5,36.34,4.39,18.45,-3.75,18.0
37.74274706840515,-0.09,-0.96,-0.38,-4.82,35.18,0.43,19.35,-3.45,19.0
37.801950216293335,-0.09,-0.96,-0.3,-2.62,29.51,-2.99,19.05,-4.8,19.0
37.86262512207031,0.02,-0.94,-0.34,-0.06,21.34,-6.04,18.15,-4.65,20.0
37.921932220458984,0.03,-0.94,-0.3,2.01,13.05,-7.93,18.9,-2.4,20.0
37.98270010948181,0.08,-0.95,-0.31,3.66,4.7,-9.7,18.75,-3.3,21.0
38.04232621192932,0.09,-0.95,-0.33,4.82,-1.46,-10.06,18.15,-3.45,21.0
38.1021511554718,0.1,-0.94,-0.3,5.85,-5.55,-9.76,16.95,-5.55,21.0
38.161864042282104,0.08,-0.94,-0.29,5.73,-8.29,-10.37,18.6,-4.95,22.0
38.22207307815552,0.11,-0.95,-0.25,4.94,-8.9,-10.61,17.1,-6.0,23.0
38.28209900856018,0.17,-0.95,-0.24,2.99,-7.5,-9.15,16.35,-4.65,21.0
38.34228801727295,0.17,-0.94,-0.27,1.28,-5.12,-6.59,16.35,-3.9,21.0
38.40250515937805,0.1,-0.95,-0.27,0.37,-3.9,-6.04,16.65,-4.05,21.0
38.462895154953,0.11,-0.95,-0.28,-0.06,-2.56,-5.79,16.65,-6.6,21.0
38.52222418785095,0.14,-0.95,-0.29,-0.3,-0.55,-5.43,16.8,-6.0,21.0
38.58258819580078,0.1,-0.94,-0.3,-0.49,1.83,-5.18,16.2,-5.1,22.0
38.64144420623779,0.08,-0.96,-0.28,-0.85,3.84,-5.67,16.8,-4.95,22.0
38.70313119888306,0.1,-0.94,-0.3,-1.22,5.18,-7.01,15.45,-4.35,21.0
38.762139081954956,0.09,-0.95,-0.31,-1.34,6.52,-7.62,16.05,-4.2,21.0
38.82256102561951,0.14,-0.94,-0.31,-0.79,6.95,-8.9,15.15,-5.55,20.0
38.88131904602051,0.14,-0.94,-0.31,-0.06,6.77,-9.82,16.35,-5.7,23.0
38.943257093429565,0.15,-0.94,-0.29,0.37,6.71,-10.37,15.45,-6.9,22.0
39.00246000289917,0.19,-0.93,-0.27,0.06,7.5,-10.43,15.3,-5.4,22.0
39.062355041503906,0.23,-0.93,-0.28,-0.37,8.96,-9.15,15.75,-6.45,23.0
39.12230920791626,0.25,-0.92,-0.27,-0.85,10.79,-7.93,15.0,-5.7,22.0
39.18287515640259,0.23,-0.93,-0.25,-1.46,12.44,-6.59,14.4,-5.85,24.0
39.241637229919434,0.2,-0.94,-0.3,-2.13,13.23,-6.46,14.1,-5.85,24.0
39.30206918716431,0.21,-0.93,-0.29,-1.83,12.8,-6.89,13.35,-5.85,25.0
39.36199903488159,0.25,-0.92,-0.29,-1.34,12.01,-7.13,14.4,-5.55,24.0
39.422351121902466,0.24,-0.91,-0.3,-0.24,10.67,-7.32,15.0,-6.0,25.0
39.48172402381897,0.26,-0.93,-0.3,1.4,7.8,-7.5,14.25,-6.45,24.0
39.54157614707947,0.29,-0.91,-0.29,2.8,4.02,-7.99,15.15,-5.55,25.0
39.60227704048157,0.28,-0.92,-0.25,4.15,0.3,-7.99,12.9,-5.55,26.0
39.662672996520996,0.33,-0.9,-0.24,3.17,-1.59,-7.07,12.45,-6.45,26.0
39.7218542098999,0.32,-0.91,-0.2,1.52,-1.83,-5.0,14.1,-6.6,26.0
39.782875061035156,0.29,-0.93,-0.27,-0.18,-1.52,-3.84,14.1,-7.35,25.0
39.84212613105774,0.26,-0.92,-0.27,0.06,-2.87,-4.27,13.5,-4.95,25.0
39.902775049209595,0.25,-0.92,-0.33,1.65,-4.02,-5.43,12.6,-5.85,25.0
39.96146321296692,0.29,-0.91,-0.28,3.29,-4.09,-6.22,12.75,-5.7,26.0
40.02325201034546,0.28,-0.92,-0.23,3.05,-3.05,-6.28,13.5,-5.7,25.0
40.082205057144165,0.32,-0.91,-0.21,1.83,-2.13,-5.98,12.9,-7.65,26.0
40.14250922203064,0.3,-0.91,-0.26,0.49,-0.85,-5.24,12.0,-6.75,26.0
40.2012300491333,0.33,-0.92,-0.26,0.18,-0.12,-4.63,13.2,-6.0,25.0
40.26307916641235,0.32,-0.9,-0.26,0.12,0.98,-3.84,12.3,-5.85,25.0
40.32173299789429,0.31,-0.92,-0.23,-0.3,2.07,-3.11,11.85,-6.9,26.0
40.3824200630188,0.33,-0.91,-0.25,-0.67,2.8,-2.26,12.75,-6.0,25.0
40.44224309921265,0.35,-0.92,-0.25,-0.85,3.17,-1.71,12.45,-7.2,25.0
40.50254011154175,0.39,-0.9,-0.26,-0.98,3.17,-0.18,12.3,-4.8,25.0
40.56131100654602,0.35,-0.9,-0.23,-0.98,2.99,2.07,11.7,-5.4,26.0
40.622886180877686,0.32,-0.91,-0.24,-0.91,1.28,2.93,10.95,-5.7,27.0
40.68197011947632,0.29,-0.93,-0.26,-0.37,-1.28,2.44,11.85,-6.3,27.0
40.74198508262634,0.3,-0.91,-0.23,0.43,-4.45,1.4,12.75,-6.45,26.0
40.8019962310791,0.31,-0.91,-0.25,0.61,-5.85,1.34,11.55,-6.9,25.0
40.862266063690186,0.33,-0.91,-0.23,0.43,-5.79,2.07,11.1,-5.85,27.0
40.92115807533264,0.35,-0.91,-0.25,-0.91,-4.51,3.9,13.2,-6.45,25.0
40.98285508155823,0.3,-0.92,-0.27,-1.52,-2.44,5.91,13.65,-6.3,25.0
41.041770219802856,0.27,-0.92,-0.26,-1.77,-0.79,7.26,13.5,-4.95,25.0
41.10229706764221,0.25,-0.92,-0.28,-1.16,-0.24,7.13,13.8,-6.0,26.0
41.161904096603394,0.23,-0.92,-0.29,-0.61,0.67,6.46,12.6,-4.05,25.0
41.222466230392456,0.21,-0.94,-0.24,-0.49,1.59,5.49,13.8,-6.45,25.0
41.28119707107544,0.21,-0.94,-0.25,-1.52,2.62,4.09,13.65,-6.3,25.0
41.34289002418518,0.24,-0.93,-0.25,-2.38,3.54,3.9,14.7,-5.1,26.0
41.401830196380615,0.23,-0.93,-0.26,-2.62,3.41,3.66,14.25,-6.0,26.0
41.46186900138855,0.21,-0.93,-0.29,-2.26,2.13,3.05,14.1,-4.8,25.0
41.52104616165161,0.19,-0.93,-0.29,-0.73,-1.04,1.83,15.9,-6.3,25.0
41.5820631980896,0.2,-0.93,-0.29,0.67,-4.76,0.73,15.45,-4.8,26.0
41.641237020492554,0.21,-0.94,-0.29,1.95,-8.66,-0.3,15.75,-5.4,24.0
41.702397108078,0.26,-0.93,-0.23,1.95,-10.85,-0.18,14.55,-4.2,25.0
41.76118803024292,0.28,-0.93,-0.23,0.61,-10.85,1.46,13.65,-5.55,24.0
41.82185411453247,0.28,-0.92,-0.27,-0.49,-9.88,4.39,14.1,-5.1,23.0
41.88222622871399,0.24,-0.93,-0.28,-0.85,-8.29,6.71,14.25,-5.4,24.0
41.94224214553833,0.16,-0.93,-0.32,-0.61,-7.8,7.13,15.9,-4.8,22.0
42.001124143600464,0.11,-0.95,-0.31,0.61,-7.99,5.49,14.25,-4.95,23.0
42.062350034713745,0.1,-0.95,-0.32,2.2,-6.89,3.11,15.75,-4.65,24.0
42.12178111076355,0.14,-0.94,-0.29,2.8,-3.96,1.65,15.3,-5.7,24.0
42.18185806274414,0.17,-0.95,-0.23,1.71,0.98,2.01,15.9,-5.55,23.0
42.2420551776886,0.19,-0.95,-0.21,-0.79,7.07,3.23,16.2,-4.05,23.0
42.30284118652344,0.17,-0.95,-0.23,-3.41,12.32,4.82,15.45,-4.8,22.0
42.3620810508728,0.13,-0.95,-0.28,-4.63,14.7,5.37,15.9,-3.75,22.0
42.42136311531067,0.12,-0.95,-0.29,-4.09,13.35,3.72,16.35,-4.95,24.0
42.481019020080566,0.1,-0.95,-0.29,-2.5,9.76,2.01,16.35,-4.65,23.0
42.54203510284424,0.11,-0.95,-0.29,-1.22,5.49,-0.24,17.1,-4.2,24.0
42.601728200912476,0.14,-0.94,-0.3,0.37,1.34,-1.77,16.05,-2.85,23.0
42.66235899925232,0.16,-0.95,-0.27,0.79,-1.59,-1.77,16.95,-3.3,25.0
42.722031116485596,0.17,-0.95,-0.26,1.1,-4.39,-1.59,15.9,-4.35,24.0
42.78271818161011,0.18,-0.94,-0.27,1.1,-6.65,-1.46,16.35,-4.95,23.0
42.84118318557739,0.18,-0.94,-0.28,0.98,-8.23,-0.79,16.05,-4.65,25.0
42.90116310119629,0.16,-0.95,-0.27,1.1,-9.51,-0.18,17.1,-4.95,24.0
42.96179819107056,0.14,-0.95,-0.27,0.98,-10.0,0.49,15.15,-4.8,23.0
43.02258515357971,0.14,-0.94,-0.28,0.91,-10.3,0.67,16.35,-3.9,23.0
43.08161211013794,0.15,-0.94,-0.3,1.04,-9.02,1.65,16.8,-4.95,23.0
43.142346143722534,0.14,-0.94,-0.3,1.28,-7.74,2.56,16.65,-5.85,23.0
43.20101022720337,0.11,-0.95,-0.28,1.4,-6.52,3.05,17.85,-6.0,23.0
43.26255512237549,0.08,-0.95,-0.28,1.59,-5.61,2.87,15.75,-5.4,23.0
43.32124900817871,0.08,-0.95,-0.29,1.95,-4.94,2.07,16.05,-4.2,20.0
43.38176107406616,0.08,-0.95,-0.28,1.52,-3.11,1.16,16.2,-4.35,21.0
43.441184997558594,0.09,-0.95,-0.27,1.1,0.0,1.22,17.25,-4.05,21.0
43.50271415710449,0.09,-0.96,-0.25,-0.61,3.17,1.52,17.7,-4.35,22.0
43.561068058013916,0.09,-0.96,-0.28,-1.52,5.43,1.65,17.25,-5.55,22.0
43.62268900871277,0.09,-0.96,-0.28,-1.71,5.73,1.4,16.2,-4.35,22.0
43.68116307258606,0.07,-0.96,-0.31,-0.91,4.21,0.73,17.55,-4.65,23.0
43.74129009246826,0.05,-0.95,-0.29,0.79,0.98,-1.1,16.8,-4.65,22.0
43.80123805999756,0.04,-0.96,-0.29,2.26,-2.2,-2.74,16.8,-5.4,22.0
43.86130714416504,0.09,-0.96,-0.27,2.87,-4.7,-4.21,18.0,-5.1,23.0
43.92066812515259,0.12,-0.95,-0.25,2.62,-5.49,-3.54,17.25,-3.3,22.0
43.98160219192505,0.15,-0.95,-0.26,1.95,-5.18,-2.01,16.65,-4.8,22.0
44.04120707511902,0.12,-0.95,-0.25,1.77,-5.24,-0.24,16.95,-4.35,22.0
44.10077214241028,0.09,-0.96,-0.23,0.98,-6.34,0.24,18.6,-5.7,22.0
44.161179065704346,0.07,-0.97,-0.23,0.18,-8.35,0.0,16.8,-4.95,23.0
44.220619201660156,0.09,-0.96,-0.25,-0.3,-9.88,0.0,17.25,-4.35,21.0
44.28161811828613,0.09,-0.96,-0.28,-0.24,-10.49,0.49,17.7,-4.8,21.0
44.341708183288574,0.09,-0.94,-0.3,0.24,-10.18,1.34,18.15,-6.0,22.0
44.401196002960205,0.09,-0.94,-0.3,1.04,-8.66,2.32,15.45,-3.0,20.0
44.46086406707764,0.06,-0.96,-0.28,1.71,-6.83,3.35,17.7,-4.35,21.0
44.52154016494751,0.02,-0.96,-0.27,1.95,-4.88,3.05,17.25,-4.8,20.0
44.58112120628357,0.0,-0.97,-0.24,1.16,-3.78,2.01,17.55,-4.65,21.0
44.64147210121155,0.01,-0.97,-0.26,0.49,-2.62,0.79,18.45,-5.1,19.0
44.701176166534424,0.04,-0.96,-0.25,0.06,-2.01,0.12,17.55,-4.95,21.0
44.760783195495605,0.06,-0.95,-0.27,-0.18,-1.89,0.37,18.0,-4.05,19.0
44.821826219558716,0.05,-0.95,-0.27,-0.18,-2.01,1.04,16.65,-5.1,19.0
44.880897998809814,0.04,-0.96,-0.27,0.0,-2.26,1.77,18.75,-4.8,20.0
44.94226908683777,0.02,-0.95,-0.27,0.18,-3.11,2.01,18.75,-4.35,19.0
45.00067615509033,-0.01,-0.97,-0.27,0.73,-4.51,1.34,18.45,-4.8,20.0
45.06127715110779,-0.01,-0.96,-0.26,0.91,-5.91,0.3,17.85,-4.65,19.0
45.12140703201294,0.01,-0.96,-0.26,0.91,-6.89,-0.67,18.15,-3.45,19.0
45.18199801445007,0.03,-0.95,-0.26,1.28,-6.59,-0.12,17.1,-3.45,19.0
45.240504026412964,0.03,-0.96,-0.26,0.85,-5.73,0.85,18.0,-6.3,18.0
45.30180621147156,-0.2,-0.32,0.1,0.61,-4.7,1.34,18.45,-4.8,19.0
45.360602140426636,0.03,-0.98,-0.14,2.26,1.22,-2.07,18.75,-5.55,19.0
45.421027183532715,-0.01,-0.95,-0.23,0.37,1.77,-1.1,19.35,-4.65,19.0
45.4804310798645,-0.03,-0.97,-0.21,1.77,0.49,-1.22,17.85,-5.7,18.0
45.54158616065979,0.0,-0.96,-0.27,1.71,-0.12,-1.22,18.45,-4.8,19.0
45.60046601295471,0.01,-0.95,-0.29,2.93,-0.55,-1.28,16.65,-4.8,18.0
45.662166118621826,0.02,-0.96,-0.29,4.39,0.12,-1.16,18.15,-4.65,19.0
45.72040009498596,-0.01,-0.96,-0.27,5.98,-0.18,-1.34,17.85,-4.2,20.0
45.78123712539673,-0.01,-0.96,-0.24,6.95,-0.12,-1.28,18.45,-5.1,18.0
45.8412880897522,0.0,-0.97,-0.22,7.56,0.18,-1.22,18.0,-4.8,19.0
45.900997161865234,0.01,-0.98,-0.22,7.74,-0.3,-1.34,16.95,-4.35,19.0
45.96081614494324,0.01,-0.98,-0.23,8.23,-0.18,-1.34,16.8,-5.7,19.0
46.02210307121277,-0.0,-0.97,-0.22,8.96,-0.18,-1.34,17.55,-4.65,19.0
46.080483198165894,0.01,-0.98,-0.19,9.51,0.3,-1.28,18.0,-5.55,21.0
46.14209318161011,0.01,-0.98,-0.15,8.84,-0.18,-1.4,17.7,-5.55,20.0
46.20024514198303,0.0,-0.99,-0.14,7.5,0.0,-1.28,17.55,-6.0,20.0
46.261656045913696,0.01,-0.99,-0.16,6.59,0.43,-1.4,16.95,-4.35,20.0
46.32105302810669,0.01,-0.98,-0.15,6.04,-0.18,-1.4,17.7,-4.05,20.0
46.382124185562134,0.0,-0.98,-0.15,5.79,0.0,-1.52,17.7,-5.1,20.0
46.44101405143738,0.0,-0.99,-0.15,5.91,0.12,-1.34,17.55,-4.95,21.0
46.500572204589844,0.0,-0.99,-0.13,5.91,0.18,-1.46,17.25,-4.8,20.0
46.561060190200806,-0.02,-0.97,0.18,0.85,2.13,-1.04,18.0,-6.6,21.0
46.62089419364929,0.05,-0.98,-0.14,-0.98,-0.37,-1.4,16.2,-4.35,20.0
46.6808021068573,-0.01,-0.99,-0.09,0.67,0.12,-1.34,17.7,-5.85,21.0
46.74209213256836,0.02,-0.99,-0.14,-0.06,-0.43,-1.4,17.25,-5.85,22.0
46.80054712295532,-0.01,-0.99,-0.16,0.18,-0.12,-1.28,17.25,-5.1,22.0
46.86139512062073,0.02,-0.98,-0.15,0.06,-0.3,-1.4,17.25,-5.55,20.0
46.92012000083923,0.01,-0.98,-0.13,0.0,-0.24,-1.4,16.8,-5.4,21.0
46.981624126434326,0.01,-0.98,-0.12,0.0,0.12,-1.4,18.0,-5.1,21.0
47.04022717475891,-0.01,-0.98,-0.14,0.0,0.06,-1.34,15.75,-4.65,19.0
47.10107707977295,0.0,-1.0,-0.13,-0.12,-0.06,-1.4,17.25,-5.1,21.0
47.16043400764465,0.0,-0.99,-0.14,-0.12,-0.18,-1.4,17.55,-5.7,21.0
47.221885204315186,-0.01,-0.99,-0.12,-0.18,-0.24,-1.4,16.05,-5.4,21.0
47.281065225601196,0.01,-0.99,-0.14,-0.06,-0.18,-1.4,17.25,-5.55,20.0
47.34218502044678,0.0,-0.99,-0.11,0.18,-0.18,-1.52,16.8,-5.4,21.0
47.40028619766235,-0.0,-0.99,-0.1,-0.12,-0.24,-1.4,16.95,-5.85,20.0
47.46203804016113,0.01,-0.99,-0.12,-0.12,-0.06,-1.4,16.65,-6.3,21.0
47.51972413063049,0.0,-0.98,-0.13,0.0,0.0,-1.46,17.1,-4.95,21.0
47.58037710189819,-0.01,-1.0,-0.13,-0.12,-0.06,-1.4,17.1,-6.45,21.0
47.64039611816406,0.01,-0.98,-0.12,-0.3,-0.06,-1.4,17.25,-5.1,21.0
47.70118308067322,0.0,-0.99,-0.13,0.06,0.0,-1.4,16.95,-5.85,21.0
47.760343074798584,-0.0,-0.99,-0.13,0.12,0.06,-1.34,17.7,-5.1,21.0
47.82133412361145,0.01,-0.99,-0.12,0.0,0.06,-1.4,18.6,-5.4,22.0
47.88018012046814,0.01,-0.99,-0.14,0.06,0.0,-1.34,17.7,-4.05,19.0
47.940261125564575,-0.0,-0.99,-0.13,0.12,0.0,-1.4,17.25,-6.9,21.0
47.99992799758911,0.0,-0.98,-0.13,0.43,0.0,-1.22,16.2,-6.3,22.0
48.06037402153015,0.0,-0.98,-0.12,0.0,0.3,-1.34,17.25,-6.3,21.0
48.120604038238525,0.01,-0.99,-0.18,-0.3,-0.24,-1.46,18.45,-5.1,21.0
48.180660009384155,0.01,-0.99,-0.14,0.24,0.0,-1.4,17.55,-6.0,22.0
48.240904092788696,-0.02,-0.99,-0.12,0.3,0.0,-1.22,16.95,-6.3,21.0
48.30107522010803,-0.01,-0.97,-0.09,-0.43,-0.55,-1.28,17.85,-6.45,21.0
48.360459089279175,0.01,-1.01,-0.12,0.24,0.18,-1.4,17.85,-6.75,21.0
48.42092514038086,-0.01,-0.99,-0.17,1.34,-0.55,-1.22,16.05,-4.95,20.0
48.4800660610199,0.01,-1.0,-0.19,3.11,0.12,-1.65,17.25,-4.35,21.0
48.54046416282654,0.01,-1.0,-0.16,4.57,0.12,-1.52,16.35,-4.2,20.0
48.60077905654907,-0.02,-0.99,-0.15,5.06,-0.43,-1.59,16.05,-4.95,22.0
48.66075420379639,-0.01,-0.99,-0.13,5.73,-1.65,-1.52,16.05,-6.0,21.0
48.72067403793335,0.0,-1.0,-0.12,6.4,-1.83,-1.46,16.05,-6.0,21.0
48.78085422515869,0.01,-1.0,-0.09,7.2,-0.61,-1.77,16.95,-4.8,20.0
48.84044003486633,0.02,-1.0,-0.09,7.26,0.06,-1.77,17.7,-5.55,21.0
48.90125012397766,0.01,-0.98,-0.1,7.01,1.04,-1.46,17.55,-5.7,22.0
48.96033501625061,-0.0,-0.99,-0.09,6.83,1.52,-1.4,17.55,-5.7,21.0
49.02180314064026,-0.01,-0.99,-0.07,6.83,1.46,-1.34,16.8,-4.95,22.0
49.079920053482056,-0.0,-0.99,-0.05,6.59,1.65,-1.34,18.6,-6.45,22.0
49.14154505729675,0.0,-0.98,-0.06,6.34,2.44,-1.52,16.2,-4.8,24.0
49.20070815086365,0.0,-1.0,-0.06,5.79,1.4,-1.52,17.1,-5.7,24.0
49.26026701927185,0.01,-0.99,-0.02,5.91,0.85,-1.65,15.9,-5.85,23.0
49.320168018341064,0.01,-1.0,-0.03,5.73,-0.18,-1.65,15.45,-5.1,21.0
49.38044810295105,0.02,-0.99,0.0,5.18,-0.55,-1.77,16.35,-7.8,23.0
49.44070219993591,-0.01,-0.98,-0.0,4.33,-0.37,-1.4,14.4,-7.65,24.0
49.50189399719238,0.01,-0.99,-0.01,3.72,0.12,-1.52,16.05,-6.0,23.0
49.560747146606445,0.0,-0.99,-0.02,3.35,0.06,-1.34,15.3,-6.45,23.0
49.62047815322876,0.0,-1.0,-0.02,3.41,-0.12,-1.46,16.35,-4.65,24.0
49.68032908439636,0.02,-0.99,0.01,3.48,0.24,-1.52,14.7,-5.85,24.0
49.74064016342163,0.0,-0.99,0.0,3.23,0.18,-1.52,16.05,-5.7,24.0
49.80058407783508,0.0,-0.99,0.01,2.93,0.12,-1.34,16.35,-6.45,23.0
49.86101317405701,0.01,-0.99,0.0,2.68,0.0,-1.4,15.9,-6.6,25.0
49.920390129089355,-0.0,-0.99,0.0,2.68,0.06,-1.46,15.3,-6.0,25.0
49.98054218292236,0.01,-0.99,-0.01,2.74,0.0,-1.34,15.9,-6.3,24.0
50.04031300544739,-0.0,-0.99,0.01,2.8,-0.24,-1.22,15.15,-5.1,24.0
50.100484132766724,0.0,-0.99,0.01,2.87,0.18,-1.4,16.95,-4.8,25.0
50.160232067108154,0.0,-1.0,0.01,2.62,-0.12,-1.16,14.4,-6.3,25.0
50.22144913673401,-0.0,-1.0,0.01,2.68,0.06,-1.52,16.35,-7.2,24.0
50.28002119064331,0.0,-1.0,0.01,2.74,0.0,-1.34,15.15,-6.9,25.0
50.340431213378906,-0.0,-1.0,0.02,2.62,-0.12,-1.28,15.3,-4.95,24.0
50.3997220993042,0.01,-0.98,0.04,2.5,0.0,-1.28,14.4,-7.65,24.0
50.460334062576294,0.01,-0.99,0.04,2.32,0.0,-1.46,16.05,-6.0,23.0
50.52155804634094,-0.01,-0.99,0.01,2.2,0.0,-1.34,15.9,-6.3,25.0
50.58106207847595,0.0,-1.0,0.03,2.13,0.0,-1.34,14.55,-7.2,23.0
50.640507221221924,-0.0,-1.0,0.03,2.68,0.06,-1.46,14.55,-6.45,24.0
50.70025610923767,-0.0,-1.0,0.05,2.8,0.0,-1.4,15.15,-5.1,24.0
50.760613203048706,0.0,-1.0,0.04,2.44,-0.24,-1.4,15.75,-6.75,24.0
50.82075619697571,0.01,-0.99,0.05,2.38,-0.18,-1.34,15.9,-7.35,25.0
50.88049507141113,0.0,-1.0,0.03,2.26,0.06,-1.4,16.35,-7.5,27.0
50.93993401527405,0.0,-1.0,0.04,2.68,0.0,-1.22,15.45,-6.3,25.0
50.999391078948975,0.01,-1.0,0.05,3.35,0.0,-1.34,13.65,-5.85,26.0
51.06078004837036,0.0,-0.99,0.05,3.54,0.0,-1.4,15.15,-5.55,23.0
51.12019920349121,0.01,-0.99,0.08,3.35,0.0,-1.46,16.2,-7.35,26.0
51.180912017822266,-0.01,-0.99,0.06,3.41,0.0,-1.4,14.55,-6.75,25.0
51.23973822593689,0.02,-1.0,0.09,3.23,0.0,-1.59,14.55,-6.0,25.0
51.29991316795349,-0.01,-0.99,0.08,3.23,0.0,-1.16,13.2,-5.4,26.0
51.359379053115845,-0.0,-0.99,0.05,3.35,0.0,-1.46,14.7,-6.9,25.0
51.42034316062927,0.01,-1.0,0.06,3.41,0.0,-1.52,13.2,-5.7,25.0
51.48039412498474,0.0,-0.99,0.1,3.54,-0.12,-1.34,14.1,-6.6,25.0
51.539926052093506,0.01,-0.99,0.09,3.72,0.12,-1.46,13.65,-6.3,25.0
51.59965515136719,0.0,-1.0,0.1,3.84,-0.12,-1.52,15.0,-7.5,25.0
51.660484075546265,-0.0,-0.99,0.1,3.9,0.06,-1.4,13.8,-6.0,26.0
51.72007417678833,-0.01,-1.0,0.09,3.66,-0.24,-1.4,14.7,-6.6,25.0
51.7804970741272,0.01,-0.99,0.1,3.9,0.0,-1.28,14.1,-7.65,26.0
51.83956217765808,0.01,-0.99,0.12,3.96,-0.12,-1.28,14.7,-6.6,26.0
51.90026521682739,0.01,-0.98,0.14,3.78,0.06,-1.52,13.8,-6.45,27.0
51.96030807495117,0.0,-0.98,0.12,3.35,0.24,-1.4,13.5,-7.2,25.0
52.01992416381836,0.0,-0.99,0.13,2.99,-0.12,-1.28,14.1,-7.65,26.0
52.07972002029419,0.0,-0.98,0.13,2.87,-0.24,-1.28,13.65,-5.85,27.0
52.14044713973999,0.01,-0.98,0.14,2.8,0.0,-1.52,14.55,-5.7,26.0
52.199777126312256,-0.0,-0.98,0.14,2.44,0.0,-1.46,12.9,-7.65,26.0
52.25988721847534,0.0,-0.99,0.14,2.26,0.0,-1.4,13.5,-7.8,25.0
52.31958317756653,0.01,-0.98,0.15,1.52,-0.12,-1.4,14.25,-6.45,27.0
52.37980508804321,0.01,-0.98,0.15,1.16,-0.12,-1.34,12.9,-7.35,27.0
52.43974018096924,0.0,-0.99,0.1,1.22,0.06,-1.28,14.55,-7.5,27.0
52.49982213973999,0.01,-0.98,0.13,1.52,0.0,-1.4,13.8,-7.2,26.0
52.559800148010254,0.01,-0.98,0.13,2.01,0.12,-1.52,12.45,-6.75,28.0
52.621114015579224,0.02,-0.99,0.13,2.07,0.12,-1.46,13.35,-8.1,27.0
52.67997217178345,-0.0,-0.99,0.14,2.07,-0.12,-1.22,13.8,-7.2,27.0
52.74047017097473,0.01,-0.98,0.16,2.01,0.0,-1.46,12.45,-7.8,26.0
52.79967021942139,0.0,-0.97,0.15,1.65,0.0,-1.4,12.75,-6.75,26.0
52.86026406288147,0.0,-0.98,0.16,1.46,0.06,-1.52,13.35,-5.55,28.0
52.91954803466797,-0.01,-0.98,0.15,1.4,0.06,-1.4,13.35,-7.35,27.0
52.980717182159424,-0.0,-0.98,0.17,1.22,0.06,-1.46,11.55,-7.35,27.0
53.03951621055603,-0.01,-0.97,0.16,0.91,0.0,-1.34,14.55,-7.2,27.0
53.1007080078125,0.01,-0.98,0.18,0.18,-0.12,-1.4,13.65,-7.35,27.0
53.15963101387024,0.01,-0.97,0.16,-0.18,-0.18,-1.4,13.2,-7.2,25.0
53.22099018096924,0.0,-0.97,0.15,-0.24,0.06,-1.4,12.3,-8.7,27.0
53.27926206588745,0.0,-0.98,0.16,-0.55,-0.43,-1.34,12.45,-7.5,28.0
53.3397650718689,0.01,-0.97,0.17,-1.16,0.0,-1.46,13.2,-8.55,27.0
53.3998122215271,0.01,-0.97,0.17,-2.13,0.12,-1.4,14.25,-7.2,28.0
53.46117806434631,0.01,-0.96,0.21,-3.54,-0.18,-1.34,14.25,-7.5,26.0
53.51991605758667,-0.01,-0.97,0.18,-5.18,0.0,-1.34,13.2,-5.7,26.0
53.580854177474976,0.0,-0.98,0.17,-6.52,-0.43,-1.28,13.5,-7.2,28.0
53.6393301486969,-0.0,-0.97,0.16,-7.44,-0.06,-1.4,13.5,-6.75,25.0
53.7002010345459,0.01,-0.97,0.15,-8.48,-0.3,-1.4,13.35,-6.6,27.0
53.75936818122864,0.01,-0.98,0.11,-9.15,-0.18,-1.34,12.9,-7.65,25.0
53.820067167282104,0.01,-1.0,0.1,-9.09,-0.06,-1.59,12.6,-6.6,26.0
53.880226135253906,-0.0,-1.0,0.08,-8.35,-0.24,-1.34,14.1,-6.6,26.0
53.939789056777954,0.01,-0.99,0.06,-7.74,0.06,-1.4,14.7,-6.6,25.0
53.99978804588318,0.0,-0.99,0.06,-7.44,-0.3,-1.34,14.4,-6.9,25.0
54.061022996902466,0.01,-1.0,0.06,-7.01,-0.24,-1.4,16.8,-6.75,26.0
54.11953616142273,-0.0,-1.0,0.03,-6.59,-0.18,-1.34,12.3,-5.85,25.0
54.18112516403198,0.0,-1.0,0.04,-5.91,-0.06,-1.4,15.45,-5.85,24.0
54.239169120788574,-0.0,-1.0,0.04,-5.18,-0.43,-1.34,15.9,-6.6,24.0
54.300536155700684,0.0,-0.99,0.04,-4.88,-0.06,-1.52,16.35,-6.75,24.0
54.359843015670776,0.0,-0.98,0.04,-4.82,-0.06,-1.4,16.2,-5.85,24.0
54.42073202133179,0.01,-0.99,0.04,-5.0,-0.24,-1.34,15.0,-6.0,24.0
54.47917604446411,-0.0,-0.99,0.03,-5.24,-0.3,-1.46,15.75,-6.0,25.0
54.53925800323486,0.01,-0.99,0.0,-4.94,0.0,-1.46,15.0,-6.75,24.0
54.59941101074219,0.01,-1.01,-0.02,-4.51,-0.18,-1.46,15.9,-6.3,23.0
54.66085600852966,0.0,-1.0,0.01,-3.66,-0.24,-1.4,15.9,-6.6,25.0
54.71984505653381,-0.0,-0.99,0.02,-3.78,-0.06,-1.46,15.9,-7.35,26.0
54.77904915809631,0.01,-0.99,0.03,-4.7,0.0,-1.46,14.7,-6.9,24.0
54.839065074920654,-0.0,-0.99,0.03,-5.12,-0.06,-1.4,15.15,-6.3,22.0
54.90060114860535,0.0,-0.99,-0.01,-5.12,-0.24,-1.34,15.75,-6.45,23.0
54.95956015586853,-0.01,-1.0,-0.01,-5.06,0.0,-1.46,15.75,-6.0,23.0
55.020063161849976,-0.0,-1.0,-0.01,-5.55,-1.22,-1.04,15.15,-4.8,23.0
55.07930612564087,0.01,-0.99,-0.01,-6.16,-0.61,-1.28,15.75,-6.45,24.0
55.140202045440674,0.01,-0.99,-0.01,-8.17,0.98,-0.91,16.95,-6.3,22.0
55.19927501678467,0.02,-0.98,-0.04,-8.35,2.01,-0.98,16.05,-6.0,22.0
55.26033616065979,0.02,-0.99,-0.06,-8.35,2.38,-0.98,16.2,-5.85,23.0
55.319157123565674,-0.01,-1.01,-0.09,-8.23,1.95,-1.16,16.2,-6.6,22.0
55.38060903549194,-0.03,-1.01,-0.09,-7.44,0.91,-1.22,17.55,-5.4,23.0
55.43903923034668,-0.02,-1.02,-0.06,-5.73,-1.59,-1.28,15.9,-6.3,23.0
55.49976205825806,-0.01,-1.0,-0.09,-5.61,-3.48,-1.52,16.35,-5.7,22.0
55.55905818939209,0.0,-1.0,-0.08,-5.91,-3.6,-1.52,17.55,-4.95,22.0
55.62017512321472,0.03,-1.0,-0.12,-4.94,-2.74,-1.4,16.65,-6.3,24.0
55.67937922477722,0.02,-1.0,-0.1,-3.72,-1.04,-1.4,16.2,-5.85,22.0
55.739124059677124,0.01,-0.98,-0.09,-3.17,0.24,-1.28,17.55,-5.4,22.0
55.799663066864014,0.02,-0.99,-0.09,-4.39,1.34,-0.91,16.8,-4.95,22.0
55.85929608345032,0.01,-0.98,-0.08,-4.51,2.68,-1.04,16.8,-5.4,22.0
55.91987705230713,0.04,-0.98,-0.12,-5.06,4.63,-0.85,16.8,-4.65,22.0
55.97962713241577,0.1,-0.97,-0.16,-5.43,8.17,-0.24,16.05,-5.4,21.0
56.039621114730835,0.03,-0.97,-0.15,-5.61,12.13,0.67,17.1,-4.95,21.0
56.09973406791687,-0.02,-1.01,-0.07,-4.33,12.01,-0.18,18.9,-4.95,22.0
56.159138202667236,-0.1,-0.98,-0.09,-3.23,6.04,0.18,17.55,-4.65,21.0
56.22007513046265,-0.16,-1.01,-0.29,0.0,1.65,-1.4,16.8,-4.95,22.0
56.279067039489746,-0.02,-0.99,-0.1,0.0,1.52,-1.16,18.15,-4.65,24.0
56.34000301361084,-0.0,-0.99,-0.13,-0.3,-0.49,-1.52,18.45,-5.85,21.0
56.3988401889801,0.01,-0.99,-0.14,-0.06,0.0,-1.4,16.05,-4.65,22.0
56.45982503890991,0.0,-0.99,-0.14,-0.37,-0.06,-1.46,18.0,-6.3,23.0
56.5199031829834,0.01,-0.99,-0.14,-0.37,-0.3,-1.4,17.25,-4.8,22.0
56.58048915863037,-0.0,-0.99,-0.13,-0.12,-0.3,-1.34,16.35,-5.4,23.0
56.63885712623596,-0.02,-0.98,-0.2,-0.37,0.12,-1.28,16.2,-4.35,22.0
56.69994616508484,0.01,-0.98,-0.12,-0.18,-0.3,-1.34,17.7,-5.1,23.0
56.75891709327698,0.0,-0.98,-0.13,0.0,0.0,-1.34,17.85,-6.45,23.0
56.81952714920044,-0.01,-0.99,-0.14,-0.24,0.24,-1.4,17.55,-4.95,23.0
56.879393100738525,0.01,-0.99,-0.16,-0.43,-0.06,-1.34,19.05,-5.1,22.0
56.94008207321167,0.02,-0.98,-0.15,-0.37,-0.3,-1.4,18.45,-5.55,23.0
56.999155044555664,-0.0,-0.99,-0.14,-0.43,-0.24,-1.28,16.65,-5.1,22.0
57.05981516838074,0.0,-0.99,-0.14,-0.06,0.12,-1.28,17.55,-5.7,22.0
57.118754148483276,0.0,-0.99,-0.13,-0.37,0.0,-1.4,17.1,-5.4,23.0
57.17913222312927,-0.0,-1.0,-0.14,-1.1,0.43,-1.22,17.1,-4.95,22.0
57.23932719230652,-0.01,-0.99,-0.13,-1.28,0.49,-1.28,17.1,-5.7,22.0
57.3007709980011,0.02,-0.99,-0.08,-3.54,-0.06,-1.22,15.9,-5.55,21.0
57.35909700393677,-0.0,-0.99,-0.05,-5.98,0.12,-1.22,18.15,-4.95,23.0
57.4199001789093,-0.0,-0.99,-0.09,-9.15,-0.3,-1.34,18.15,-5.7,23.0
57.479310035705566,-0.0,-0.99,-0.08,-11.71,-0.55,-1.46,18.15,-6.0,22.0
57.53941202163696,-0.01,-0.99,-0.11,-14.02,0.61,-1.4,17.85,-4.95,22.0
57.599194049835205,0.02,-0.98,-0.14,-16.22,-0.85,-1.59,16.95,-4.05,21.0
57.659680128097534,0.01,-0.97,-0.17,-17.74,0.0,-1.46,15.9,-4.05,20.0
57.71900701522827,-0.0,-0.96,-0.23,-18.41,-0.06,-1.52,18.9,-4.65,21.0
57.77939319610596,0.03,-0.95,-0.29,-17.5,-1.04,-2.38,17.85,-4.2,19.0
57.839147090911865,0.02,-0.94,-0.32,-15.67,0.18,-2.01,17.55,-4.65,20.0
57.89949917793274,0.02,-0.94,-0.34,-13.84,-0.24,-2.01,18.45,-5.55,19.0
57.959341049194336,0.0,-0.95,-0.34,-12.01,0.24,-1.77,17.85,-4.65,19.0
58.01967716217041,0.0,-0.95,-0.3,-11.16,0.0,-1.71,18.45,-4.05,20.0
58.0789680480957,0.0,-0.94,-0.31,-11.22,0.06,-1.83,17.7,-5.1,17.0
58.14025521278381,0.01,-0.94,-0.33,-11.1,-0.24,-1.46,19.5,-4.35,19.0
58.19963502883911,0.01,-0.94,-0.39,-9.88,-0.55,-1.4,19.8,-4.8,18.0
58.25958514213562,-0.0,-0.93,-0.38,-8.11,-0.06,-1.4,19.5,-4.8,17.0
58.31919312477112,0.01,-0.93,-0.39,-6.77,-0.3,-1.46,19.05,-4.05,18.0
58.379855155944824,0.01,-0.93,-0.36,-6.71,0.06,-1.4,19.8,-4.05,19.0
58.43931722640991,0.01,-0.92,-0.36,-6.83,-0.37,-1.4,19.35,-3.15,18.0
58.49967622756958,0.0,-0.92,-0.37,-6.65,0.3,-1.22,18.75,-5.1,18.0
58.55928611755371,0.01,-0.92,-0.41,-6.04,-0.49,-1.46,19.65,-4.2,17.0
58.6192421913147,0.01,-0.92,-0.43,-4.45,0.06,-1.28,18.75,-3.75,17.0
58.67941904067993,0.0,-0.91,-0.45,-2.07,-0.06,-1.34,20.26,-5.1,16.0
58.739126205444336,0.02,-0.92,-0.43,-0.06,-0.49,-1.46,20.56,-3.3,17.0
58.79877018928528,0.01,-0.92,-0.41,0.73,0.24,-1.28,19.8,-3.3,17.0
58.86017203330994,0.01,-0.92,-0.42,1.59,-0.24,-1.46,19.05,-4.8,17.0
58.918450117111206,-0.0,-0.91,-0.39,1.65,-0.37,-1.4,19.8,-3.75,16.0
58.979572057724,0.01,-0.92,-0.37,2.13,0.0,-1.22,19.8,-4.8,17.0
59.03859305381775,0.02,-0.92,-0.4,2.5,-0.49,-1.4,19.8,-2.55,15.0
59.09950613975525,-0.0,-0.92,-0.37,2.38,0.24,-1.22,19.5,-3.3,17.0
59.158812046051025,0.05,-0.93,-0.4,3.23,0.43,-0.67,20.41,-3.15,17.0
59.219959020614624,0.01,-0.93,-0.33,3.66,5.61,1.04,19.05,-4.05,18.0
59.27888822555542,0.06,-0.95,-0.29,2.68,7.93,2.13,19.65,-3.9,18.0
59.338903188705444,0.07,-0.94,-0.36,0.43,11.95,4.39,18.75,-4.8,17.0
59.39857220649719,-0.04,-0.94,-0.42,0.73,15.98,6.16,21.31,-2.25,18.0
59.4593460559845,-0.08,-0.92,-0.38,1.46,13.54,3.72,19.95,-3.45,19.0
59.51923418045044,-0.11,-0.91,-0.37,1.71,5.91,-0.37,21.16,-3.15,19.0
59.57928013801575,-0.16,-0.86,0.13,1.46,-3.41,-2.74,19.95,-2.85,19.0
59.63874316215515,0.04,-0.93,-0.41,-0.55,-12.26,-5.12,19.05,-3.0,18.0
59.700003147125244,0.04,-0.93,-0.37,-1.65,-17.32,-5.24,19.95,-3.9,19.0
59.75907111167908,0.12,-0.95,-0.36,-2.8,-18.29,-2.8,19.5,-4.05,18.0
59.81921911239624,0.1,-0.94,-0.37,-2.2,-15.43,3.05,21.01,-3.3,17.0
59.87941122055054,0.03,-0.94,-0.36,-1.83,-12.93,6.59,19.05,-4.05,18.0
59.939505100250244,-0.13,-0.92,-0.34,-2.8,-13.17,5.24,20.26,-3.0,17.0
59.998640060424805,-0.07,-0.92,-0.39,-2.87,-13.78,2.26,21.01,-3.3,16.0
60.05905103683472,-0.02,-0.92,-0.44,-0.12,-10.24,3.05,20.71,-3.45,15.0
60.119232177734375,-0.04,-0.93,-0.41,2.13,-4.94,4.94,21.46,-4.65,16.0
60.180018186569214,-0.09,-0.93,-0.35,3.41,-0.3,5.37,20.56,-2.55,15.0
60.23854613304138,-0.07,-0.92,-0.36,3.78,3.41,5.12,19.8,-3.3,16.0
60.299554109573364,-0.08,-0.93,-0.32,3.41,6.28,5.24,19.35,-2.4,14.0
60.35881304740906,-0.09,-0.92,-0.33,2.56,7.5,4.33,21.16,-1.65,16.0
60.41864204406738,-0.1,-0.92,-0.37,2.38,8.48,4.76,19.65,-3.9,17.0
60.47900605201721,-0.12,-0.92,-0.39,2.87,7.5,4.27,22.21,-3.45,15.0
60.538769006729126,-0.13,-0.93,-0.36,2.74,3.9,2.32,20.56,-2.25,16.0
60.59930109977722,-0.07,-0.93,-0.32,1.89,0.12,0.85,20.56,-1.5,16.0
60.659576177597046,-0.05,-0.94,-0.31,0.37,-2.56,1.59,21.16,-0.6,16.0
60.719088077545166,-0.09,-0.93,-0.36,0.0,-5.06,2.68,21.31,-2.55,16.0
60.77875113487244,-0.1,-0.93,-0.36,-0.06,-8.17,3.23,21.61,-2.25,16.0
60.838346004486084,-0.14,-0.93,-0.37,1.16,-10.91,2.26,23.26,-3.15,15.0
60.89838004112244,-0.12,-0.93,-0.33,1.4,-12.07,1.1,23.11,-2.25,16.0
60.959304094314575,-0.04,-0.95,-0.3,0.98,-10.67,2.26,22.51,-1.65,14.0
61.019692182540894,-0.09,-0.94,-0.31,0.43,-7.2,5.0,22.21,-1.35,15.0
61.07839012145996,-0.16,-0.92,-0.33,0.61,-3.72,6.22,22.06,-2.55,14.0
61.14007019996643,-0.24,-0.92,-0.32,1.04,-2.2,5.12,22.06,-3.0,15.0
61.19847106933594,-0.23,-0.91,-0.36,1.28,-1.77,2.01,22.51,-1.65,15.0
61.259228229522705,-0.17,-0.93,-0.3,1.71,0.79,0.37,23.86,-3.0,15.0
61.31861615180969,-0.13,-0.93,-0.31,1.77,4.45,0.91,23.11,-2.25,15.0
61.3792200088501,-0.15,-0.93,-0.3,1.34,8.23,1.77,22.21,-0.6,15.0
61.43892002105713,-0.18,-0.93,-0.33,1.22,11.04,2.38,24.01,-1.35,15.0
61.499059200286865,-0.19,-0.92,-0.33,1.34,11.71,2.2,23.26,-2.4,15.0
61.558725118637085,-0.18,-0.93,-0.33,0.91,10.24,0.73,22.51,-0.6,16.0
61.61930513381958,-0.2,-0.92,-0.34,0.79,8.17,-0.98,24.01,-0.6,16.0
61.67907214164734,-0.18,-0.93,-0.33,0.67,5.91,-2.5,24.76,-1.05,15.0
61.73900008201599,-0.15,-0.92,-0.31,0.67,4.7,-2.87,22.96,-1.65,18.0
61.798166036605835,-0.16,-0.93,-0.33,0.67,3.9,-3.11,22.96,-1.35,17.0
61.859395027160645,-0.18,-0.92,-0.32,0.24,2.93,-3.66,22.51,-1.35,17.0
61.91821503639221,-0.19,-0.93,-0.33,-0.12,1.46,-5.12,23.86,-1.5,17.0
61.979093074798584,-0.17,-0.93,-0.32,-0.37,0.61,-6.34,23.71,-1.65,16.0
62.03844118118286,-0.12,-0.92,-0.33,-0.37,1.28,-6.71,23.41,-0.45,18.0
62.09899401664734,-0.1,-0.92,-0.34,0.0,2.44,-5.98,23.11,-1.5,17.0
62.15832304954529,-0.11,-0.94,-0.34,0.3,3.54,-5.61,22.96,-1.35,17.0
62.21840214729309,-0.13,-0.93,-0.35,1.22,4.7,-5.49,21.31,-1.5,17.0
62.27869415283203,-0.16,-0.93,-0.34,1.89,4.88,-6.4,22.21,-0.6,18.0
62.338627099990845,-0.13,-0.94,-0.35,2.44,4.45,-8.17,21.01,-1.2,19.0
62.39830303192139,-0.1,-0.93,-0.32,2.56,4.82,-8.9,22.21,-1.65,18.0
62.45999217033386,-0.05,-0.95,-0.3,2.26,5.49,-8.48,21.16,-2.1,18.0
62.51844501495361,-0.04,-0.95,-0.32,1.65,6.34,-6.77,21.61,-1.2,18.0
62.57910203933716,-0.02,-0.96,-0.34,1.59,7.8,-5.0,21.46,-2.85,18.0
62.638490200042725,-0.08,-0.93,-0.33,2.32,9.39,-4.21,20.41,-2.4,20.0
62.6988091468811,-0.09,-0.93,-0.31,2.26,9.51,-4.39,21.31,-3.0,20.0
62.75846219062805,-0.07,-0.94,-0.32,2.07,8.72,-6.1,21.16,-2.85,20.0
62.81823420524597,-0.04,-0.94,-0.33,2.32,7.8,-6.71,20.41,-2.4,20.0
62.87864899635315,-0.01,-0.94,-0.34,2.68,5.91,-6.1,21.91,-3.45,21.0
62.93844819068909,-0.01,-0.95,-0.28,2.2,2.01,-6.16,19.5,-2.25,21.0
62.99866199493408,-0.03,-0.96,-0.28,1.16,-3.96,-6.77,19.5,-1.95,20.0
63.05850410461426,-0.04,-0.95,-0.31,-0.18,-11.52,-7.93,18.9,-3.15,19.0
63.11864614486694,0.04,-0.95,-0.33,-0.3,-16.46,-8.35,20.26,-3.0,20.0
63.17864012718201,0.07,-0.96,-0.31,0.37,-15.67,-5.79,19.35,-2.85,19.0
63.2386360168457,0.05,-0.95,-0.29,0.61,-10.79,-2.13,19.35,-3.9,18.0
63.29825019836426,0.01,-0.96,-0.25,-0.06,-4.15,1.46,18.9,-4.65,19.0
63.358814001083374,-0.06,-0.95,-0.26,-0.55,2.07,2.8,18.75,-3.3,19.0
63.419212102890015,-0.11,-0.94,-0.34,-0.43,6.16,0.73,20.56,-3.75,20.0
63.478867053985596,-0.08,-0.93,-0.34,1.16,9.39,-1.59,21.46,-3.15,19.0
63.539109230041504,-0.06,-0.94,-0.37,3.35,12.2,-3.41,19.35,-3.15,19.0
63.59866499900818,0.05,-0.97,-0.27,5.24,16.34,-2.8,20.71,-3.45,21.0
63.658823013305664,-0.02,-0.95,-0.26,4.57,19.09,-1.34,19.65,-3.45,21.0
63.718462228775024,-0.04,-0.96,-0.28,3.48,18.72,-1.83,19.8,-2.55,21.0
63.77854299545288,0.18,-1.17,-0.29,3.35,15.18,-3.84,19.05,-3.0,22.0
63.838078022003174,-0.1,-0.95,-0.29,0.98,-1.16,-0.3,19.65,-2.4,23.0
63.898792028427124,0.03,-0.97,-0.53,0.3,-10.67,-5.55,20.26,-3.3,21.0
63.9583420753479,0.02,-0.92,-0.28,0.61,-9.7,-3.9,20.41,-1.35,22.0
64.01885509490967,0.0,-0.99,-0.28,1.65,-3.41,-2.32,19.35,-2.85,21.0
64.07854700088501,0.0,-0.95,-0.28,3.05,2.01,-0.91,20.41,-4.95,22.0
64.1390700340271,-0.02,-0.96,-0.25,2.99,0.24,-1.22,20.26,-4.05,22.0
64.1985650062561,0.01,-0.96,-0.28,2.8,-0.55,-1.34,19.05,-2.55,22.0
64.2589111328125,-0.01,-0.96,-0.31,3.41,1.34,-1.1,18.45,-4.35,22.0
64.31827306747437,-0.01,-0.96,-0.32,4.94,-0.79,-1.34,19.05,-3.3,22.0
64.3786301612854,-0.0,-0.96,-0.33,7.01,0.67,-0.98,19.5,-4.05,22.0
64.43829417228699,-0.0,-0.97,-0.28,8.54,-0.43,-1.1,19.8,-3.3,22.0
64.4996120929718,0.02,-0.97,-0.27,9.39,0.0,-1.1,19.95,-3.15,23.0
64.55811500549316,-0.03,-0.96,-0.23,10.18,0.24,-1.16,18.45,-3.3,22.0
64.61866211891174,-0.0,-0.96,-0.24,10.37,0.24,-1.28,19.5,-2.55,24.0
64.6777720451355,0.01,-0.98,-0.2,10.06,0.67,-1.22,19.35,-2.4,23.0
64.73826003074646,0.01,-0.98,-0.18,9.45,-0.37,-1.34,17.85,-3.45,24.0
64.79854202270508,0.01,-0.98,-0.17,9.02,0.43,-1.4,18.6,-4.2,25.0
64.85847115516663,-0.0,-0.98,-0.16,8.41,-0.37,-1.46,18.45,-3.0,26.0
64.91808009147644,0.0,-0.99,-0.17,7.62,0.12,-1.34,18.75,-3.75,26.0
64.97859621047974,-0.0,-0.98,-0.15,6.71,0.24,-1.46,18.45,-3.3,26.0
65.03839707374573,-0.0,-0.98,-0.18,6.71,0.0,-1.52,18.15,-1.65,25.0
65.09858417510986,0.0,-0.98,-0.15,6.71,0.3,-1.4,18.15,-4.2,24.0
65.15817022323608,0.0,-0.98,-0.16,7.13,0.06,-1.59,17.25,-3.0,25.0
65.21826910972595,0.0,-0.99,-0.12,6.95,0.0,-1.46,18.0,-4.8,25.0
65.27788400650024,0.02,-1.01,-0.12,-0.43,0.37,-1.4,18.15,-3.9,25.0
65.3388180732727,0.02,-0.98,-0.19,-0.67,0.3,-1.4,17.7,-3.0,25.0
65.39768099784851,-0.02,-0.97,-0.12,0.67,0.3,-1.4,17.85,-4.2,25.0
65.45870804786682,0.0,-0.98,-0.11,0.18,-0.18,-1.52,19.65,-4.95,26.0
65.5177800655365,-0.0,-0.99,-0.13,0.18,0.0,-1.46,18.0,-3.3,26.0
65.57848000526428,-0.0,-0.99,-0.13,0.0,0.0,-1.34,18.75,-4.8,25.0
65.63792419433594,0.01,-0.98,-0.13,-0.49,-0.06,-1.34,16.35,-2.4,25.0
65.69938516616821,0.01,-0.98,-0.14,-0.91,-0.18,-1.46,17.85,-3.15,25.0
65.75753617286682,0.01,-0.98,-0.09,-1.16,0.18,-1.28,17.85,-3.15,25.0
65.81887722015381,-0.0,-1.0,-0.07,-3.54,-0.98,-1.46,18.0,-5.55,26.0
65.87824010848999,0.01,-0.99,-0.06,-6.4,0.24,-1.22,17.55,-5.4,26.0
65.93852615356445,0.0,-0.99,-0.08,-9.7,-0.06,-1.34,18.0,-3.75,25.0
65.9985420703888,-0.0,-0.98,-0.09,-12.01,-0.3,-1.34,17.7,-3.0,25.0
66.05934715270996,0.0,-0.98,-0.13,-13.9,0.24,-1.34,18.6,-3.45,24.0
66.11845111846924,-0.0,-0.97,-0.16,-15.06,0.06,-1.4,18.15,-2.85,24.0
66.17950010299683,-0.0,-0.97,-0.2,-15.85,-0.06,-1.4,19.8,-3.75,24.0
66.23796510696411,0.0,-0.97,-0.25,-15.55,-0.06,-1.52,18.6,-3.9,23.0
66.29800009727478,-0.02,-0.96,-0.29,-14.45,-0.37,-2.13,19.95,-3.45,23.0
66.35762619972229,-0.01,-0.95,-0.34,-11.95,0.61,-1.83,18.45,-1.95,22.0
66.41920518875122,0.0,-0.95,-0.36,-8.48,-0.67,-1.89,18.45,-4.05,22.0
66.477548122406,0.01,-0.95,-0.33,-5.24,0.0,-1.59,19.05,-3.3,23.0
66.53867721557617,0.01,-0.96,-0.26,-3.78,0.06,-1.52,19.65,-2.85,22.0
66.59831023216248,0.01,-0.95,-0.26,-4.02,0.06,-1.52,19.95,-2.85,22.0
66.65773820877075,0.01,-0.96,-0.23,-5.18,0.49,-1.52,19.5,-4.35,22.0
66.71804404258728,0.02,-0.95,-0.25,-6.95,-0.06,-1.77,18.0,-3.0,21.0
66.77849316596985,0.0,-0.96,-0.25,-8.54,0.06,-1.65,19.95,-3.9,21.0
66.83725309371948,0.0,-0.94,-0.26,-10.24,0.0,-1.77,20.41,-3.15,21.0
66.89825105667114,0.01,-0.94,-0.31,-11.28,-0.06,-1.77,19.5,-3.75,21.0
66.95809006690979,0.0,-0.93,-0.32,-11.59,-0.06,-1.4,19.95,-2.4,22.0
67.01869702339172,0.01,-0.93,-0.35,-11.77,-0.43,-1.28,20.41,-3.9,21.0
67.0775511264801,0.0,-0.93,-0.37,-11.71,0.06,-1.28,20.56,-1.95,21.0
67.13954210281372,0.02,-0.92,-0.46,-10.18,-0.91,-1.52,20.71,-3.9,19.0
67.19801712036133,0.01,-0.92,-0.52,-8.48,-0.18,-1.1,21.01,-2.25,21.0
67.2592990398407,0.02,-0.91,-0.55,-3.05,-0.18,-1.16,21.61,-3.0,21.0
67.31768107414246,0.02,-0.92,-0.45,4.27,0.37,-1.46,19.65,-2.85,21.0
67.37928009033203,0.01,-0.92,-0.44,6.95,0.18,-1.4,19.95,-2.4,21.0
67.43725919723511,0.0,-0.91,-0.41,9.7,0.0,-1.46,19.5,-4.05,21.0
67.4987940788269,-0.01,-0.92,-0.41,11.52,0.55,-1.28,20.26,-4.35,21.0
67.55763411521912,0.01,-0.94,-0.4,13.66,-0.37,-1.4,20.41,-3.45,21.0
67.61872601509094,0.02,-0.94,-0.36,15.3,0.55,-1.22,20.26,-1.5,21.0
67.67756915092468,-0.02,-0.94,-0.32,15.61,-0.24,-0.73,19.05,-3.0,20.0
67.73799705505371,0.01,-0.94,-0.29,15.91,-0.67,-0.85,19.05,-3.75,22.0
67.79747605323792,0.0,-0.95,-0.28,16.28,0.67,-0.67,20.26,-3.0,24.0
67.85859513282776,0.0,-0.95,-0.24,16.22,-0.67,-0.91,19.95,-4.65,22.0
67.91795611381531,0.0,-0.97,-0.2,15.0,0.3,-0.67,20.71,-3.9,24.0
67.97868204116821,-0.0,-0.97,-0.18,13.54,-0.91,-1.52,18.0,-3.3,23.0
68.03760814666748,-0.01,-0.97,-0.17,11.52,0.37,-1.28,19.35,-4.95,24.0
68.0986180305481,0.01,-0.97,-0.18,10.06,0.0,-1.28,18.0,-3.75,25.0
68.15796208381653,-0.0,-0.98,-0.16,9.51,-0.18,-1.34,19.05,-4.05,24.0
68.2176902294159,-0.0,-0.98,-0.17,8.6,0.24,-1.4,18.45,-4.35,24.0
68.2777190208435,0.01,-0.98,-0.14,7.68,0.18,-1.34,18.45,-3.3,24.0
68.33745813369751,0.0,-0.98,-0.16,6.16,0.12,-1.46,19.05,-2.55,24.0
68.39704513549805,0.0,-0.99,-0.13,5.06,0.0,-1.4,18.0,-3.75,24.0
68.45793414115906,-0.01,-0.98,-0.17,4.45,0.0,-1.4,18.0,-3.0,25.0
68.51756000518799,-0.0,-0.98,-0.19,4.82,-0.12,-1.46,18.0,-2.55,24.0
68.57867217063904,0.0,-0.99,-0.18,5.85,-0.24,-1.46,18.0,-4.05,26.0
68.63722920417786,0.01,-0.98,-0.13,6.34,0.43,-1.34,17.85,-3.9,25.0
68.69846820831299,0.42,-0.8,-0.14,6.46,0.0,-1.4,18.45,-4.35,26.0
68.75706219673157,-0.01,-0.99,-0.0,-0.43,-1.65,-1.46,17.85,-4.65,25.0
68.81874322891235,0.01,-0.99,-0.19,0.0,0.55,-1.34,16.8,-4.2,27.0
68.8780460357666,0.02,-1.0,-0.13,0.18,-0.43,-1.46,17.7,-4.8,25.0
68.93824911117554,-0.01,-0.98,-0.15,0.0,0.18,-1.34,18.45,-4.05,27.0
68.99772214889526,0.01,-0.99,-0.12,-0.37,-0.18,-1.46,17.85,-4.65,27.0
69.05811619758606,0.0,-1.0,-0.13,-0.18,-0.18,-1.4,18.15,-3.45,26.0
69.11734008789062,-0.0,-0.99,-0.14,-0.3,-0.06,-1.34,18.0,-3.75,25.0
69.17809200286865,0.01,-0.99,-0.13,-0.3,-0.06,-1.34,17.25,-2.25,27.0
69.23787522315979,0.02,-0.99,-0.1,-0.91,-0.37,-1.52,18.15,-4.2,27.0
69.29747104644775,0.01,-1.0,-0.1,-2.5,0.12,-1.28,16.95,-3.3,25.0
69.35759210586548,0.01,-0.99,-0.11,-3.9,-0.37,-1.28,18.9,-3.9,25.0
69.41712403297424,-0.01,-0.98,-0.16,-4.33,-0.06,-1.34,19.65,-4.2,25.0
69.47759318351746,0.01,-0.99,-0.16,-3.84,-0.06,-1.4,18.0,-4.8,26.0
69.53887414932251,0.0,-0.98,-0.16,-2.99,-0.24,-1.4,19.8,-3.75,24.0
69.59699702262878,-0.01,-0.98,-0.18,-2.13,0.12,-1.34,18.6,-3.45,23.0
69.65766906738281,0.0,-0.98,-0.17,-1.4,-0.06,-1.46,17.7,-4.35,26.0
69.7172601222992,-0.0,-0.98,-0.15,-1.4,-0.06,-1.34,18.75,-4.05,25.0
69.77778911590576,-0.0,-0.99,-0.11,-3.23,0.12,-1.4,19.65,-3.9,26.0
69.83713412284851,0.0,-0.99,-0.1,-5.43,-0.06,-1.4,18.75,-4.35,25.0
69.89779710769653,-0.0,-0.99,-0.11,-7.99,-0.3,-1.4,18.15,-3.15,24.0
69.9579210281372,-0.01,-0.98,-0.11,-10.37,-0.06,-1.46,18.45,-4.8,25.0
70.01778602600098,-0.0,-0.98,-0.14,-12.44,-0.49,-1.4,17.55,-3.45,25.0
70.07771921157837,0.01,-0.98,-0.18,-13.72,0.24,-1.4,19.5,-3.3,25.0
70.137855052948,0.01,-0.96,-0.22,-14.63,-0.85,-1.59,18.75,-2.55,24.0
70.19799518585205,-0.04,-0.94,-0.31,-14.02,0.43,-1.77,19.35,-3.45,22.0
70.25880813598633,-0.01,-0.96,-0.3,-11.59,0.18,-1.89,19.5,-4.05,24.0
70.31756401062012,0.02,-0.95,-0.36,-9.09,-0.06,-1.77,19.5,-4.05,22.0
70.37820410728455,0.01,-0.95,-0.35,-5.85,-0.49,-1.65,18.75,-3.0,23.0
70.43758916854858,0.01,-0.95,-0.33,-2.93,0.18,-1.4,21.16,-3.9,23.0
70.49807000160217,0.02,-0.95,-0.31,-0.91,0.0,-1.4,20.56,-3.75,22.0
70.5573320388794,0.0,-0.95,-0.25,-0.37,-0.3,-1.4,19.5,-2.25,22.0
70.61855411529541,0.0,-0.95,-0.27,-1.4,0.0,-1.4,19.8,-4.05,23.0
70.6768741607666,0.0,-0.96,-0.29,-1.22,-0.06,-1.4,18.9,-3.15,22.0
70.73763108253479,0.0,-0.95,-0.3,-0.49,0.18,-1.22,19.95,-3.9,22.0
70.79760313034058,-0.0,-0.95,-0.29,0.37,-0.43,-1.46,19.05,-4.8,22.0
70.85750603675842,0.01,-0.95,-0.27,0.98,0.37,-1.28,19.95,-3.15,24.0
70.91718602180481,-0.0,-0.95,-0.28,1.4,0.24,-1.28,20.41,-3.9,22.0
70.9779040813446,0.01,-0.99,-0.17,2.13,0.85,-1.34,18.9,-3.15,23.0
71.03685712814331,-0.02,-0.97,-0.26,0.49,1.16,-1.16,19.5,-3.75,22.0
71.09790015220642,0.02,-0.95,-0.26,-0.12,-1.04,-1.59,20.26,-3.0,22.0
71.15766501426697,-0.0,-0.95,-0.28,-0.24,0.49,-1.28,19.65,-2.1,23.0
71.21711111068726,-0.01,-0.97,-0.25,-0.37,-0.73,-1.77,18.45,-4.05,22.0
71.27766919136047,-0.02,-0.96,-0.28,-0.37,-5.67,-3.17,20.71,-2.85,23.0
71.33753204345703,-0.02,-0.96,-0.28,-0.24,-8.66,-3.9,20.26,-4.05,22.0
71.39673018455505,0.01,-0.96,-0.31,0.37,-7.68,-4.15,19.95,-3.15,23.0
71.45838403701782,0.05,-0.95,-0.28,0.67,-7.2,-3.72,19.8,-4.35,22.0
71.51676821708679,0.0,-0.96,-0.25,0.06,-4.21,-2.74,19.95,-3.9,21.0
71.57756519317627,-0.02,-0.96,-0.27,-1.04,0.0,-2.07,19.05,-3.3,21.0
71.6367540359497,-0.02,-0.96,-0.31,-1.52,4.21,-2.2,18.0,-4.05,22.0
71.69760799407959,-0.03,-0.96,-0.3,-1.46,9.21,-2.68,19.35,-3.15,22.0
71.75755620002747,-0.08,-0.96,-0.29,-0.98,12.13,-4.76,19.95,-4.65,22.0
71.81755900382996,-0.08,-0.97,-0.28,-0.73,11.46,-7.93,18.0,-3.3,22.0
71.87740302085876,-0.03,-0.96,-0.27,0.55,8.05,-11.95,18.9,-4.65,23.0
71.93761110305786,0.02,-0.96,-0.28,1.1,5.37,-12.87,19.35,-3.15,23.0
71.99730610847473,0.08,-0.94,-0.23,1.65,0.49,-13.96,18.9,-4.2,23.0
