time,ax,ay,az,gx,gy,gz,mx,my,mz
0.010469436645507812,0.01,-0.57,0.81,-0.06,-0.12,-1.46,-10.05,-5.7,30.46
0.06981563568115234,0.02,-0.58,0.81,-0.12,-0.06,-1.4,-9.45,-5.85,30.61
0.13001322746276855,0.01,-0.58,0.8,0.0,0.0,-1.46,-10.2,-6.6,32.41
0.19034385681152344,0.01,-0.59,0.8,-0.37,-0.18,-1.4,-8.55,-8.25,32.56
0.24963140487670898,0.01,-0.58,0.8,-0.55,-0.18,-1.52,-9.45,-6.9,31.66
0.31098341941833496,0.01,-0.59,0.8,-0.06,-0.18,-1.52,-8.7,-7.65,31.06
0.3696451187133789,0.01,-0.58,0.82,0.0,0.0,-1.46,-9.45,-6.9,31.36
0.4304184913635254,0.02,-0.58,0.8,-0.18,-0.06,-1.46,-10.2,-6.9,31.36
0.490466833114624,0.01,-0.58,0.8,-0.18,-0.06,-1.46,-10.35,-4.95,32.56
0.5512654781341553,0.02,-0.58,0.81,-0.12,-0.06,-1.52,-9.15,-7.35,31.66
0.6104106903076172,0.01,-0.59,0.81,-0.12,-0.06,-1.46,-9.6,-6.45,31.21
0.6700625419616699,0.02,-0.58,0.81,0.0,0.0,-1.52,-8.7,-6.6,31.36
0.7301554679870605,0.02,-0.58,0.8,0.0,0.0,-1.46,-10.05,-5.7,31.51
0.7898352146148682,0.01,-0.58,0.82,0.0,0.0,-1.46,-10.8,-6.75,31.21
0.8512082099914551,0.02,-0.59,0.8,0.0,0.0,-1.46,-9.9,-6.9,32.11
0.9091229438781738,0.01,-0.58,0.8,0.0,0.0,-1.46,-9.9,-5.1,31.36
0.970850944519043,0.01,-0.58,0.81,-0.12,-0.06,-1.46,-10.2,-5.85,32.11
1.0305867195129395,0.01,-0.59,0.81,0.0,0.0,-1.46,-10.8,-6.0,32.26
1.0913360118865967,0.01,-0.59,0.8,0.0,0.0,-1.4,-8.55,-6.0,31.21
1.1495883464813232,0.02,-0.59,0.8,-0.06,-0.18,-1.28,-9.15,-6.3,31.66
1.210216999053955,0.02,-0.58,0.8,-0.12,-0.18,-1.46,-8.4,-5.85,32.11
1.2702248096466064,0.01,-0.58,0.81,-0.12,-0.06,-1.46,-9.0,-7.2,32.56
1.329422950744629,0.01,-0.58,0.8,0.0,0.0,-1.52,-8.4,-5.55,31.66
1.3892841339111328,0.01,-0.58,0.8,0.0,0.0,-1.46,-10.05,-6.45,31.96
1.4497039318084717,0.01,-0.59,0.8,0.0,0.0,-1.46,-9.3,-6.0,31.51
1.5093982219696045,0.02,-0.59,0.81,0.0,0.0,-1.59,-9.3,-6.75,31.51
1.5703842639923096,0.01,-0.58,0.8,-0.06,-0.12,-1.52,-9.6,-6.0,31.96
1.6295840740203857,0.02,-0.59,0.79,-0.12,-0.06,-1.46,-7.5,-5.7,32.26
1.6893832683563232,0.01,-0.58,0.79,-0.12,-0.06,-1.4,-9.45,-5.1,32.11
1.7500145435333252,0.01,-0.58,0.79,-0.12,-0.18,-1.4,-9.3,-7.2,31.21
1.8101799488067627,0.02,-0.58,0.8,0.0,0.0,-1.46,-9.6,-7.2,32.26
1.8693699836730957,0.02,-0.58,0.81,0.0,0.0,-1.52,-10.35,-6.75,31.96
1.9307243824005127,0.0,-0.58,0.81,-0.12,-0.18,-1.34,-10.35,-6.45,31.96
1.9905500411987305,0.02,-0.58,0.82,0.0,0.06,-1.4,-9.9,-5.55,33.16
2.050074577331543,0.01,-0.59,0.8,-0.18,-0.06,-1.46,-10.05,-6.0,33.01
2.1098008155822754,0.02,-0.58,0.79,-0.06,-0.12,-1.46,-9.3,-6.0,30.91
2.1691513061523438,0.02,-0.59,0.79,0.0,0.0,-1.46,-8.7,-6.6,31.06
2.229349374771118,0.01,-0.58,0.81,0.06,0.0,-1.46,-9.6,-5.4,31.51
2.289430618286133,0.02,-0.58,0.81,-0.06,-0.12,-1.46,-9.9,-7.35,31.66
2.34952712059021,0.02,-0.58,0.79,0.0,0.0,-1.4,-10.05,-6.0,31.21
2.4095065593719482,0.02,-0.58,0.81,-0.18,-0.06,-1.46,-9.45,-5.85,31.06
2.4696266651153564,0.02,-0.58,0.82,-0.06,-0.12,-1.46,-9.0,-5.7,30.46
2.529331684112549,0.02,-0.58,0.79,0.0,0.0,-1.52,-8.55,-6.75,31.21
2.5900046825408936,0.01,-0.58,0.8,-0.06,-0.12,-1.46,-9.6,-5.7,32.26
2.6493279933929443,0.01,-0.59,0.81,-0.06,-0.12,-1.46,-8.55,-6.0,31.51
2.709789514541626,0.02,-0.58,0.8,-0.12,-0.18,-1.46,-9.6,-6.0,31.51
2.769562005996704,0.01,-0.58,0.82,0.0,0.0,-1.4,-9.9,-6.9,32.41
2.8295578956604004,0.01,-0.59,0.8,0.06,0.0,-1.46,-8.4,-7.35,30.31
2.890920400619507,0.01,-0.59,0.81,0.0,0.0,-1.46,-8.55,-5.4,32.26
2.9492530822753906,0.01,-0.58,0.81,-0.06,-0.12,-1.46,-9.6,-6.45,31.21
3.0099198818206787,0.02,-0.58,0.8,0.0,0.0,-1.4,-9.15,-5.85,32.11
3.0704329013824463,0.01,-0.59,0.81,0.0,0.0,-1.4,-9.45,-6.6,31.36
3.1299684047698975,0.01,-0.58,0.81,-0.12,-0.06,-1.46,-8.55,-6.75,32.26
3.1888821125030518,0.01,-0.59,0.8,0.0,0.0,-1.46,-9.6,-6.0,31.96
3.2500758171081543,0.01,-0.59,0.79,-0.12,-0.06,-1.46,-8.55,-6.75,32.26
3.3098952770233154,0.01,-0.58,0.8,-0.12,-0.18,-1.4,-10.8,-4.95,32.56
3.3690710067749023,0.02,-0.59,0.81,0.0,0.0,-1.34,-9.45,-6.6,30.61
3.4291887283325195,0.0,-0.58,0.81,-0.06,-0.12,-1.4,-9.6,-6.45,32.56
3.4896090030670166,0.02,-0.59,0.8,0.0,0.0,-1.46,-11.1,-7.5,31.21
3.550804853439331,0.01,-0.58,0.81,-0.06,-0.12,-1.46,-8.55,-5.7,33.31
3.610762119293213,0.02,-0.58,0.79,-0.06,-0.12,-1.46,-10.05,-6.75,31.21
3.6695148944854736,0.01,-0.57,0.79,-0.12,-0.06,-1.46,-9.45,-7.65,31.06
3.73134183883667,0.01,-0.58,0.81,-0.12,-0.06,-1.4,-8.4,-6.6,32.11
3.7895736694335938,0.01,-0.58,0.8,-0.12,-0.06,-1.59,-8.55,-6.0,32.26
3.849912405014038,0.01,-0.58,0.79,-0.06,-0.12,-1.52,-8.55,-7.2,30.46
3.909290075302124,0.01,-0.58,0.8,-0.18,-0.06,-1.4,-8.4,-7.65,31.06
3.9692983627319336,0.01,-0.58,0.8,0.06,-0.12,-1.46,-10.65,-5.55,31.66
4.030218839645386,0.01,-0.59,0.81,-0.06,-0.12,-1.46,-9.9,-5.1,32.11
4.089430332183838,0.01,-0.58,0.79,0.0,0.0,-1.4,-7.65,-6.6,31.06
4.1493518352508545,0.01,-0.59,0.8,0.0,0.0,-1.52,-10.35,-6.45,33.61
4.209049701690674,0.02,-0.58,0.81,0.06,0.0,-1.46,-9.3,-6.75,32.26
4.269624948501587,0.01,-0.58,0.81,-0.12,-0.06,-1.4,-8.7,-4.8,31.06
4.329471826553345,0.01,-0.58,0.8,-0.12,-0.18,-1.46,-9.3,-6.0,32.56
4.389334678649902,0.0,-0.58,0.8,0.0,0.0,-1.46,-10.35,-6.45,33.01
4.449998378753662,0.01,-0.58,0.8,-0.06,-0.18,-1.46,-8.55,-6.75,33.01
4.509721040725708,0.01,-0.58,0.8,0.0,0.06,-1.46,-10.35,-6.45,31.96
4.569519758224487,0.01,-0.58,0.79,-0.12,-0.06,-1.4,-8.1,-5.85,31.36
4.629192113876343,0.02,-0.58,0.8,0.0,0.06,-1.46,-9.6,-6.45,31.51
4.688847303390503,0.01,-0.58,0.8,-0.12,-0.06,-1.46,-9.3,-6.45,30.16
4.749678373336792,0.01,-0.58,0.8,-0.12,-0.06,-1.52,-9.6,-6.75,30.46
4.809422016143799,0.02,-0.58,0.82,0.0,0.06,-1.34,-9.9,-5.85,31.36
4.869375228881836,0.01,-0.58,0.81,0.0,0.0,-1.46,-9.3,-7.2,33.01
4.92891788482666,0.01,-0.58,0.79,-0.12,-0.06,-1.59,-9.45,-6.9,30.61
4.990575551986694,0.01,-0.58,0.8,-0.18,-0.24,-1.52,-10.35,-6.75,31.21
5.049132347106934,0.01,-0.57,0.8,0.0,0.0,-1.52,-9.0,-7.5,31.96
5.109623193740845,0.01,-0.57,0.8,-0.06,-0.12,-1.52,-8.4,-6.6,31.66
5.168322324752808,0.0,-0.58,0.8,0.0,0.0,-1.4,-9.15,-6.3,32.11
5.2299745082855225,0.02,-0.59,0.81,-0.18,-0.18,-1.46,-10.8,-6.0,31.51
5.288985967636108,0.01,-0.59,0.8,-0.12,-0.18,-1.52,-10.05,-5.7,31.96
5.348768472671509,0.02,-0.58,0.81,0.0,0.0,-1.52,-9.6,-6.45,31.96
5.40961480140686,0.02,-0.59,0.81,-0.12,-0.06,-1.46,-9.9,-6.6,31.66
5.469604015350342,0.01,-0.59,0.81,-0.06,-0.12,-1.46,-8.7,-6.6,32.11
5.529026746749878,0.01,-0.58,0.81,0.0,0.0,-1.4,-10.2,-6.3,31.06
5.589207410812378,0.01,-0.58,0.8,-0.12,-0.18,-1.46,-9.9,-6.9,31.36
5.649600982666016,0.03,-0.58,0.81,-0.06,-0.18,-1.4,-10.2,-5.55,32.41
5.709666013717651,0.01,-0.59,0.8,-0.12,-0.06,-1.46,-9.45,-5.1,32.41
5.769441604614258,0.01,-0.58,0.79,0.0,0.06,-1.46,-8.7,-5.85,32.11
5.828963756561279,0.01,-0.59,0.82,0.0,0.0,-1.46,-8.55,-6.45,32.26
5.889017581939697,0.01,-0.58,0.79,0.0,0.0,-1.52,-9.45,-6.3,31.06
5.949621915817261,0.01,-0.59,0.79,-0.06,-0.12,-1.52,-9.45,-6.9,32.11
6.009310722351074,0.01,-0.58,0.8,-0.06,-0.12,-1.46,-10.2,-6.6,31.06
6.069455623626709,0.01,-0.58,0.79,0.0,0.0,-1.59,-8.55,-6.0,31.51
6.129002571105957,0.01,-0.59,0.8,0.0,0.0,-1.52,-10.65,-5.55,31.06
6.1889026165008545,0.01,-0.59,0.81,0.0,0.06,-1.59,-8.4,-7.65,32.41
6.248745441436768,0.01,-0.58,0.79,-0.06,-0.12,-1.46,-10.35,-5.7,31.96
6.309021234512329,0.02,-0.58,0.79,-0.06,-0.12,-1.46,-10.2,-6.6,32.11
6.368725061416626,0.01,-0.58,0.8,0.0,0.0,-1.4,-9.45,-6.6,30.01
6.428485155105591,0.01,-0.59,0.8,0.0,0.0,-1.52,-8.4,-4.8,31.66
6.488525629043579,0.01,-0.59,0.79,0.0,0.0,-1.46,-8.25,-5.4,32.26
6.548765420913696,0.01,-0.59,0.8,-0.06,-0.12,-1.4,-8.25,-5.4,31.21
6.609148025512695,0.02,-0.58,0.8,0.0,0.0,-1.52,-9.3,-6.45,32.26
6.669728755950928,0.01,-0.58,0.8,-0.12,-0.06,-1.52,-9.6,-6.0,32.26
6.729060649871826,0.01,-0.58,0.8,-0.06,-0.12,-1.59,-10.2,-7.35,33.16
6.7892656326293945,0.02,-0.58,0.8,0.0,0.0,-1.34,-10.65,-6.9,32.11
6.84884238243103,0.02,-0.59,0.81,-0.06,-0.18,-1.46,-7.65,-6.9,31.66
6.910030126571655,0.01,-0.6,0.8,-0.12,-0.06,-1.4,-8.4,-6.6,31.66
6.969204664230347,0.01,-0.58,0.81,0.0,0.0,-1.52,-9.6,-6.0,31.51
7.028576850891113,0.01,-0.58,0.8,-0.12,-0.06,-1.46,-9.3,-6.45,31.51
7.089381456375122,0.01,-0.58,0.8,-0.12,-0.06,-1.46,-9.0,-4.65,33.01
7.1481640338897705,0.01,-0.58,0.79,0.0,0.0,-1.52,-9.15,-5.85,31.36
7.209055185317993,0.01,-0.58,0.81,0.0,0.0,-1.46,-7.65,-5.85,31.36
7.269304037094116,0.02,-0.58,0.81,-0.18,-0.06,-1.4,-10.35,-5.7,31.96
7.329952955245972,0.02,-0.58,0.8,-0.12,-0.06,-1.34,-8.25,-6.0,31.96
7.388828277587891,0.02,-0.59,0.8,-0.18,-0.06,-1.52,-9.6,-5.7,31.51
7.449076890945435,0.01,-0.58,0.81,-0.12,-0.06,-1.46,-8.4,-7.65,30.61
7.508662462234497,0.02,-0.59,0.79,-0.06,0.0,-1.46,-8.55,-6.0,31.21
7.568795680999756,0.02,-0.58,0.81,0.0,0.0,-1.4,-10.35,-7.2,31.96
7.62901496887207,0.01,-0.58,0.82,0.06,0.0,-1.4,-9.9,-5.55,31.66
7.689276456832886,0.01,-0.58,0.81,-0.12,-0.24,-1.46,-9.45,-5.85,32.41
7.7492148876190186,0.02,-0.57,0.81,-0.12,-0.06,-1.46,-8.7,-6.3,31.36
7.809877872467041,0.01,-0.58,0.79,-0.12,-0.06,-1.46,-9.0,-6.0,31.21
7.870543718338013,0.01,-0.59,0.81,-0.06,-0.12,-1.46,-9.3,-6.0,32.26
7.928216457366943,0.01,-0.58,0.81,0.0,0.0,-1.4,-9.0,-7.2,31.96
7.9894163608551025,0.02,-0.58,0.79,0.0,0.06,-1.4,-9.15,-5.85,31.36
8.048871517181396,0.02,-0.58,0.8,-0.12,-0.06,-1.46,-9.9,-6.3,32.71
8.108428478240967,0.02,-0.58,0.8,0.0,0.0,-1.46,-8.4,-5.55,31.66
8.168562173843384,0.02,-0.58,0.79,0.0,0.0,-1.46,-9.9,-7.35,31.36
8.228648662567139,0.01,-0.59,0.79,-0.06,-0.12,-1.59,-10.95,-7.65,30.61
8.288138151168823,0.01,-0.58,0.81,0.0,0.0,-1.46,-9.0,-5.4,31.51
8.349946737289429,0.01,-0.59,0.8,-0.12,-0.06,-1.52,-10.05,-7.5,31.21
8.409194469451904,0.01,-0.58,0.81,-0.06,-0.18,-1.46,-10.35,-5.4,33.61
8.470392227172852,0.01,-0.58,0.81,-0.18,-0.18,-1.46,-9.0,-7.2,31.51
8.52868938446045,0.01,-0.59,0.81,-0.12,-0.06,-1.52,-10.8,-6.45,32.26
8.589184761047363,0.01,-0.59,0.8,0.0,0.0,-1.46,-9.15,-6.3,31.06
8.648248434066772,0.01,-0.59,0.8,0.0,0.0,-1.52,-7.5,-7.2,30.16
8.70909857749939,0.0,-0.58,0.79,-0.06,-0.12,-1.46,-9.45,-6.9,31.36
8.769328117370605,0.02,-0.58,0.79,-0.06,-0.12,-1.4,-10.65,-7.35,32.11
8.828819036483765,0.01,-0.58,0.81,-0.06,-0.12,-1.52,-9.45,-5.85,32.11
8.889234066009521,0.0,-0.58,0.81,-0.18,-0.06,-1.46,-9.6,-6.75,32.26
8.949153423309326,0.01,-0.58,0.8,-0.06,-0.12,-1.52,-10.35,-6.45,31.51
9.007989168167114,0.02,-0.59,0.82,0.0,0.0,-1.52,-8.7,-6.6,33.16
9.068616151809692,0.02,-0.58,0.8,0.0,-0.12,-1.4,-9.45,-5.55,32.71
9.128664493560791,0.01,-0.58,0.79,0.0,0.0,-1.46,-8.7,-5.85,31.66
9.18824291229248,0.01,-0.59,0.81,0.0,0.0,-1.52,-9.0,-5.4,31.96
9.248740911483765,0.01,-0.59,0.79,0.0,0.0,-1.46,-9.6,-6.75,31.96
9.30859923362732,0.01,-0.59,0.81,0.0,0.0,-1.34,-9.45,-4.8,32.11
9.368633270263672,0.02,-0.58,0.8,0.0,0.0,-1.46,-9.0,-7.2,31.96
9.428675413131714,0.02,-0.59,0.8,0.0,0.0,-1.4,-9.6,-6.45,31.51
9.488414764404297,0.01,-0.58,0.81,0.0,0.0,-1.4,-8.25,-6.75,32.56
9.548320531845093,0.02,-0.58,0.8,-0.18,-0.18,-1.4,-9.15,-6.6,29.56
9.608776330947876,0.02,-0.58,0.8,0.0,0.0,-1.4,-9.6,-5.7,31.51
9.668767929077148,0.01,-0.58,0.83,0.0,0.0,-1.4,-8.55,-6.0,33.31
9.728536367416382,0.01,-0.58,0.81,0.0,0.0,-1.46,-10.05,-6.45,31.96
9.788551807403564,0.01,-0.59,0.79,-0.06,-0.12,-1.59,-8.25,-6.0,32.26
9.848888397216797,0.01,-0.59,0.8,0.06,0.0,-1.46,-8.4,-5.85,31.36
9.908546447753906,0.01,-0.58,0.81,0.0,0.0,-1.46,-10.05,-6.75,30.46
9.968007564544678,0.01,-0.58,0.79,0.0,0.0,-1.4,-9.15,-6.3,31.66
10.028562545776367,0.02,-0.59,0.8,0.06,0.0,-1.4,-8.55,-5.7,31.51
10.089853286743164,0.02,-0.58,0.81,0.0,0.06,-1.52,-8.55,-7.8,31.51
10.149928569793701,0.02,-0.59,0.8,-0.12,-0.18,-1.46,-9.6,-5.7,32.26
10.208207368850708,0.01,-0.59,0.8,-0.06,-0.18,-1.46,-8.1,-6.6,31.06
10.268749475479126,0.01,-0.58,0.81,-0.06,-0.12,-1.46,-9.45,-6.9,32.41
10.328127145767212,0.02,-0.59,0.8,-0.06,0.0,-1.52,-10.2,-8.1,31.66
10.389084100723267,0.01,-0.58,0.79,-0.12,-0.06,-1.46,-9.9,-5.85,33.16
10.448989391326904,0.02,-0.59,0.79,0.06,0.06,-1.46,-10.35,-6.75,32.56
10.50827431678772,0.02,-0.58,0.79,-0.06,0.0,-1.46,-9.15,-6.3,32.11
10.568840980529785,0.02,-0.58,0.8,-0.12,-0.06,-1.46,-9.6,-7.2,31.21
10.628164529800415,0.01,-0.57,0.81,0.06,0.0,-1.4,-8.55,-7.2,32.56
10.688781499862671,0.01,-0.58,0.78,-0.06,-0.12,-1.52,-9.9,-6.9,32.71
10.748873710632324,0.02,-0.58,0.8,-0.06,-0.12,-1.4,-9.15,-7.35,32.11
10.809001922607422,0.02,-0.59,0.79,-0.06,-0.12,-1.4,-8.4,-5.85,32.41
10.868738412857056,0.02,-0.58,0.82,-0.06,-0.12,-1.52,-9.0,-6.75,32.26
10.928402662277222,0.01,-0.59,0.81,-0.18,-0.18,-1.52,-9.6,-7.8,31.51
10.988274574279785,0.01,-0.57,0.81,0.0,0.0,-1.52,-9.3,-6.75,32.56
11.047914743423462,0.01,-0.59,0.8,0.0,0.0,-1.52,-9.0,-6.45,32.26
11.108079195022583,0.02,-0.58,0.81,0.0,0.0,-1.4,-8.7,-5.55,30.61
11.168025970458984,0.0,-0.58,0.8,-0.06,-0.12,-1.4,-10.8,-6.0,31.51
11.228252410888672,0.02,-0.58,0.81,0.0,0.0,-1.52,-8.55,-7.8,31.96
11.288262605667114,0.01,-0.58,0.81,-0.06,-0.18,-1.46,-8.55,-6.0,31.96
11.348220109939575,0.01,-0.58,0.8,0.0,0.0,-1.52,-9.9,-5.85,31.36
11.409089803695679,0.01,-0.58,0.79,-0.18,-0.24,-1.46,-10.2,-7.65,33.16
11.467529773712158,0.02,-0.58,0.8,0.0,0.0,-1.4,-9.6,-6.45,33.01
11.528887748718262,0.02,-0.58,0.81,0.0,0.0,-1.4,-10.2,-5.85,30.61
11.587590217590332,0.01,-0.58,0.8,0.0,0.0,-1.52,-9.45,-6.6,32.41
11.649693727493286,0.02,-0.58,0.81,-0.06,-0.12,-1.46,-10.2,-6.6,31.36
11.709138631820679,0.02,-0.58,0.8,0.0,0.0,-1.46,-8.55,-5.4,31.51
11.769516229629517,0.02,-0.58,0.82,0.0,0.06,-1.52,-8.55,-5.7,32.26
11.827977657318115,0.01,-0.58,0.79,-0.12,-0.06,-1.34,-9.9,-5.85,31.66
11.888631105422974,0.02,-0.58,0.79,0.06,0.06,-1.34,-10.2,-6.6,31.06
11.949222564697266,0.01,-0.57,0.79,-0.12,-0.06,-1.46,-8.7,-6.3,31.66
12.007951736450195,0.0,-0.58,0.8,-0.06,-0.12,-1.46,-9.6,-6.45,30.91
12.067593812942505,0.01,-0.58,0.79,0.0,0.0,-1.46,-8.25,-5.7,30.91
12.129153728485107,0.01,-0.58,0.81,-0.06,-0.12,-1.46,-8.4,-5.1,32.11
12.188358545303345,0.02,-0.58,0.82,0.0,0.0,-1.46,-10.95,-7.65,32.41
12.247775793075562,0.01,-0.58,0.79,-0.06,-0.12,-1.4,-8.55,-4.65,31.96
12.308382749557495,0.01,-0.59,0.81,-0.06,-0.12,-1.46,-8.7,-6.9,32.11
12.367724418640137,0.01,-0.58,0.8,0.0,0.0,-1.34,-8.55,-4.95,31.96
12.427639722824097,0.01,-0.58,0.8,-0.06,-0.12,-1.46,-9.9,-6.3,31.66
12.488343954086304,0.01,-0.58,0.81,0.0,0.06,-1.46,-9.45,-6.6,30.61
12.547480821609497,0.0,-0.58,0.79,0.0,0.0,-1.52,-9.6,-7.5,31.51
12.609759330749512,0.01,-0.59,0.81,0.0,0.0,-1.4,-9.15,-4.8,31.66
12.667752265930176,0.01,-0.58,0.79,0.06,0.0,-1.52,-7.65,-6.6,32.41
12.728300094604492,0.01,-0.58,0.81,0.0,0.0,-1.4,-8.7,-6.6,31.66
12.788032054901123,0.01,-0.58,0.82,-0.12,-0.06,-1.46,-9.15,-6.3,31.06
12.848276376724243,0.01,-0.59,0.81,0.0,0.06,-1.46,-8.25,-6.0,33.01
12.90890908241272,0.02,-0.58,0.8,-0.06,-0.12,-1.46,-9.3,-5.4,31.96
12.968486547470093,0.01,-0.58,0.81,-0.06,-0.18,-1.46,-9.0,-6.75,31.21
13.028104066848755,0.02,-0.58,0.8,-0.12,-0.18,-1.4,-10.05,-6.0,30.91
13.087961912155151,0.01,-0.59,0.8,-0.06,-0.18,-1.52,-9.9,-6.9,31.06
13.147650480270386,0.01,-0.58,0.81,0.0,0.0,-1.52,-9.6,-6.0,31.51
13.208763122558594,0.02,-0.58,0.81,-0.18,-0.18,-1.4,-8.4,-5.85,32.11
13.267900943756104,0.02,-0.58,0.79,0.0,0.0,-1.46,-8.7,-6.6,31.06
13.327990055084229,0.01,-0.59,0.8,-0.06,-0.12,-1.34,-9.3,-6.45,32.26
13.388266324996948,0.01,-0.58,0.8,-0.06,-0.12,-1.34,-9.6,-7.2,31.51
13.448002815246582,0.01,-0.58,0.79,0.0,0.0,-1.4,-9.9,-5.85,32.11
13.50856614112854,0.01,-0.59,0.8,0.0,0.0,-1.46,-9.3,-4.95,32.26
13.567768335342407,0.01,-0.59,0.79,-0.12,-0.06,-1.46,-8.7,-6.3,31.06
13.629559755325317,0.01,-0.58,0.8,-0.12,-0.24,-1.46,-10.35,-7.2,32.56
13.688837766647339,0.01,-0.58,0.8,0.0,0.0,-1.46,-9.6,-7.5,30.46
13.74799656867981,0.01,-0.59,0.81,0.0,0.0,-1.59,-8.25,-6.45,32.56
13.807741403579712,0.01,-0.58,0.8,0.0,0.0,-1.52,-9.9,-6.6,31.06
13.868213891983032,0.02,-0.57,0.81,-0.18,-0.06,-1.34,-9.9,-6.3,32.11
13.928622007369995,0.01,-0.58,0.81,-0.12,-0.06,-1.4,-9.9,-6.9,31.06
13.988097190856934,0.02,-0.58,0.8,-0.18,-0.18,-1.4,-8.4,-6.6,32.41
14.048464059829712,0.01,-0.58,0.81,0.0,0.0,-1.46,-9.6,-4.95,30.91
14.108345985412598,0.01,-0.58,0.81,-0.12,-0.06,-1.46,-9.45,-6.6,31.06
14.169001817703247,0.02,-0.58,0.8,-0.12,-0.06,-1.52,-9.9,-6.6,31.36
14.22846508026123,0.01,-0.58,0.79,0.06,0.0,-1.46,-9.9,-6.9,31.06
14.288239479064941,0.01,-0.58,0.81,-0.06,0.0,-1.46,-8.55,-5.4,31.96
14.347913026809692,0.01,-0.59,0.81,0.0,0.06,-1.46,-10.2,-6.3,32.11
14.407377481460571,0.01,-0.58,0.81,-0.18,-0.06,-1.52,-9.15,-5.55,32.11
14.467898845672607,0.01,-0.58,0.79,-0.06,-0.12,-1.46,-9.6,-7.8,31.51
14.527719020843506,0.01,-0.57,0.81,0.0,0.0,-1.46,-9.0,-6.45,31.21
14.589329242706299,0.01,-0.59,0.81,-0.12,-0.18,-1.46,-10.35,-5.4,31.21
14.647833585739136,0.02,-0.59,0.81,-0.12,-0.06,-1.46,-9.6,-6.75,31.51
14.70805025100708,0.01,-0.58,0.81,0.0,0.0,-1.4,-10.2,-7.35,31.36
14.768198728561401,0.01,-0.58,0.82,-0.12,-0.06,-1.52,-8.7,-4.05,32.41
14.827250242233276,0.02,-0.58,0.79,0.0,0.0,-1.34,-8.55,-6.0,31.96
14.887623071670532,0.01,-0.58,0.81,0.0,0.0,-1.4,-9.9,-7.35,32.11
14.947143316268921,0.01,-0.57,0.81,-0.06,0.0,-1.46,-9.15,-6.3,31.36
15.0082426071167,0.02,-0.58,0.78,-0.06,-0.12,-1.46,-8.7,-6.9,32.41
15.06753659248352,0.02,-0.59,0.81,-0.06,0.0,-1.46,-10.2,-7.65,32.11
15.127714395523071,0.01,-0.58,0.8,0.0,0.0,-1.46,-8.25,-6.45,32.26
15.187633037567139,0.0,-0.58,0.8,-0.06,-0.12,-1.46,-8.25,-5.7,31.51
15.247410297393799,0.01,-0.58,0.8,0.06,0.06,-1.46,-8.25,-6.0,31.96
15.30774188041687,0.01,-0.58,0.8,-0.06,-0.12,-1.46,-9.3,-7.5,31.96
15.367387056350708,0.02,-0.59,0.8,-0.12,-0.06,-1.52,-8.55,-5.7,31.96
15.427130460739136,0.01,-0.59,0.79,0.06,0.0,-1.46,-9.3,-6.0,32.56
15.487628936767578,0.01,-0.58,0.79,0.0,0.0,-1.52,-10.8,-6.0,32.26
15.548092603683472,0.01,-0.58,0.79,-0.06,-0.18,-1.46,-9.9,-5.85,32.11
15.608525514602661,0.02,-0.58,0.8,0.0,0.0,-1.46,-9.45,-7.65,32.41
15.667601346969604,0.02,-0.59,0.81,0.0,-0.12,-1.46,-9.9,-5.85,31.36
15.728747367858887,0.01,-0.58,0.8,0.0,0.0,-1.52,-8.7,-5.55,31.36
15.787880897521973,0.02,-0.58,0.81,-0.06,-0.12,-1.46,-9.6,-6.45,31.51
15.847719192504883,0.01,-0.58,0.81,0.0,-0.12,-1.46,-10.65,-5.55,32.41
15.908454179763794,0.01,-0.59,0.82,-0.06,-0.12,-1.46,-9.6,-5.4,31.51
15.96696662902832,0.01,-0.57,0.79,0.0,0.0,-1.4,-9.6,-5.7,30.91
16.02820372581482,0.01,-0.58,0.8,-0.18,-0.06,-1.52,-9.45,-6.3,31.06
16.086949825286865,0.02,-0.59,0.81,0.0,0.0,-1.4,-8.55,-7.8,31.21
16.147393941879272,0.01,-0.57,0.79,-0.12,-0.06,-1.52,-8.7,-5.55,31.36
16.20761775970459,0.01,-0.58,0.8,0.06,0.0,-1.34,-8.7,-6.3,31.66
16.267215728759766,0.02,-0.59,0.8,-0.12,-0.06,-1.4,-10.05,-6.45,31.96
16.327013731002808,0.02,-0.57,0.79,0.0,0.0,-1.46,-9.0,-7.2,32.26
16.387104034423828,0.01,-0.59,0.81,-0.06,0.0,-1.46,-9.9,-6.9,33.46
16.447730779647827,0.01,-0.57,0.79,0.0,0.0,-1.46,-8.7,-5.55,32.41
16.507649421691895,0.01,-0.58,0.81,-0.12,-0.18,-1.52,-9.0,-6.45,30.91
16.567378044128418,0.02,-0.58,0.79,-0.12,-0.18,-1.46,-9.6,-7.5,31.96
16.62792158126831,0.01,-0.58,0.79,0.0,0.0,-1.4,-9.0,-7.5,31.51
16.68742060661316,0.01,-0.58,0.8,-0.12,-0.06,-1.52,-9.45,-8.1,32.11
16.74774146080017,0.01,-0.58,0.81,0.0,0.0,-1.4,-9.0,-7.5,32.26
16.806705951690674,0.01,-0.58,0.8,0.0,0.0,-1.46,-8.4,-5.55,31.66
16.867406129837036,0.02,-0.58,0.8,0.0,0.0,-1.4,-9.9,-6.9,31.36
16.928077697753906,0.01,-0.59,0.81,-0.12,-0.06,-1.46,-9.3,-5.7,31.51
16.987860679626465,0.02,-0.58,0.8,-0.18,-0.06,-1.4,-8.25,-6.45,32.26
17.047402143478394,0.0,-0.59,0.81,0.0,0.06,-1.34,-10.05,-6.75,32.56
17.106768131256104,0.02,-0.58,0.8,0.0,0.0,-1.4,-8.55,-6.0,31.21
17.167275190353394,0.01,-0.58,0.81,0.0,0.0,-1.46,-8.7,-7.35,31.66
17.227617979049683,0.02,-0.58,0.81,-0.12,-0.06,-1.4,-9.45,-5.55,33.16
17.286672353744507,0.01,-0.58,0.82,0.0,0.06,-1.52,-9.0,-6.45,31.51
17.34790349006653,0.01,-0.58,0.8,-0.12,-0.06,-1.46,-9.3,-6.75,33.01
17.407573223114014,0.01,-0.58,0.79,-0.06,-0.12,-1.52,-9.0,-6.75,31.51
17.466722011566162,0.01,-0.58,0.81,0.0,0.0,-1.46,-8.55,-7.2,31.21
17.527591705322266,0.02,-0.59,0.81,-0.06,-0.12,-1.46,-9.6,-6.0,32.56
17.586918592453003,0.01,-0.58,0.8,-0.12,-0.06,-1.4,-10.65,-6.9,32.11
17.647176504135132,0.01,-0.58,0.79,-0.06,-0.12,-1.52,-9.0,-6.75,33.61
17.706676244735718,0.01,-0.58,0.81,0.0,0.0,-1.46,-9.3,-5.7,31.96
17.76714301109314,0.01,-0.58,0.81,0.06,0.0,-1.52,-9.6,-6.45,30.91
17.827003002166748,0.02,-0.58,0.81,0.0,0.0,-1.46,-9.0,-5.4,32.26
17.8874249458313,0.01,-0.59,0.81,-0.06,-0.12,-1.34,-9.0,-4.95,30.46
17.946492433547974,0.01,-0.58,0.79,0.0,0.0,-1.46,-9.3,-6.75,31.21
18.007002592086792,0.02,-0.58,0.79,-0.06,-0.12,-1.4,-9.45,-5.85,32.11
18.06718945503235,0.01,-0.59,0.81,0.0,0.0,-1.46,-9.45,-6.9,31.06
18.12697434425354,0.01,-0.58,0.79,0.0,0.06,-1.52,-9.15,-6.6,30.61
18.187349319458008,0.01,-0.58,0.8,0.0,0.0,-1.46,-7.8,-6.0,33.61
18.24733304977417,0.01,-0.58,0.81,0.0,0.0,-1.4,-9.3,-5.4,31.51
18.307028770446777,0.02,-0.59,0.8,-0.06,-0.12,-1.52,-11.25,-5.85,30.01
18.367518424987793,0.02,-0.58,0.79,0.0,0.0,-1.52,-10.05,-6.45,31.51
18.427499055862427,0.01,-0.58,0.8,-0.12,-0.06,-1.46,-10.65,-6.9,32.11
18.48746681213379,0.01,-0.58,0.79,0.0,0.0,-1.4,-10.35,-5.7,31.96
18.546650648117065,0.01,-0.58,0.81,0.0,0.0,-1.52,-9.0,-4.95,31.96
18.60813570022583,0.01,-0.58,0.79,-0.06,-0.18,-1.46,-9.45,-5.55,31.66
18.6669864654541,0.01,-0.58,0.81,-0.06,0.0,-1.46,-9.6,-6.0,30.46
18.727919101715088,0.01,-0.58,0.81,0.0,0.0,-1.52,-9.6,-5.4,32.26
18.78770112991333,0.01,-0.58,0.81,-0.12,-0.18,-1.46,-8.7,-6.3,31.66
18.847334384918213,0.01,-0.58,0.8,0.0,0.0,-1.46,-8.4,-5.55,31.66
18.907510995864868,0.02,-0.58,0.8,0.0,0.0,-1.52,-10.05,-7.2,31.96
18.966787099838257,0.02,-0.58,0.81,-0.06,-0.12,-1.4,-10.2,-5.85,31.36
19.02742099761963,0.02,-0.59,0.82,-0.06,-0.12,-1.4,-9.3,-6.45,31.96
19.08692169189453,0.01,-0.58,0.81,0.0,0.06,-1.46,-10.8,-7.2,32.26
19.14866304397583,0.02,-0.59,0.81,-0.18,-0.06,-1.52,-9.6,-5.7,30.46
19.208314180374146,0.01,-0.57,0.8,0.0,0.0,-1.46,-8.55,-6.75,31.21
19.267260551452637,0.01,-0.58,0.8,-0.06,-0.18,-1.46,-8.25,-5.4,32.26
19.327117443084717,0.01,-0.59,0.8,-0.24,-0.06,-1.4,-8.7,-8.1,30.61
19.38637661933899,0.02,-0.59,0.78,0.0,0.06,-1.46,-9.0,-6.45,31.96
19.446643829345703,0.01,-0.58,0.79,0.0,0.0,-1.46,-9.6,-7.2,32.56
19.506311655044556,0.01,-0.58,0.81,0.0,0.0,-1.46,-9.3,-7.2,30.91
19.56659984588623,0.02,-0.58,0.79,0.0,0.0,-1.46,-9.0,-7.2,32.26
19.626487970352173,0.01,-0.59,0.8,0.0,0.0,-1.46,-9.3,-6.0,32.26
19.68774151802063,0.02,-0.59,0.8,0.0,-0.12,-1.4,-9.45,-5.1,32.11
19.746824502944946,0.01,-0.58,0.8,0.0,0.0,-1.52,-10.2,-6.9,31.66
19.807336568832397,0.01,-0.58,0.8,0.0,0.0,-1.4,-10.95,-8.1,31.66
19.867472410202026,0.01,-0.58,0.8,0.0,0.0,-1.46,-8.4,-5.85,31.36
19.927947282791138,0.02,-0.59,0.8,-0.06,-0.12,-1.52,-9.45,-6.6,32.71
19.98662042617798,0.02,-0.58,0.81,0.0,0.0,-1.52,-8.55,-7.2,32.26
20.047059297561646,0.01,-0.58,0.8,0.12,0.0,-1.46,-10.35,-6.0,31.51
20.106834888458252,0.01,-0.58,0.8,0.0,0.0,-1.4,-8.1,-6.3,31.06
20.166613340377808,0.02,-0.58,0.8,0.0,0.06,-1.4,-9.15,-6.3,32.41
20.22732925415039,0.01,-0.59,0.8,-0.12,-0.18,-1.46,-9.45,-7.65,31.06
20.286593675613403,0.02,-0.59,0.81,0.06,0.0,-1.4,-8.1,-6.9,31.06
20.346755027770996,0.0,-0.58,0.81,0.0,0.0,-1.4,-9.3,-5.7,32.26
20.407139539718628,0.02,-0.59,0.79,-0.12,-0.06,-1.59,-10.05,-6.75,31.51
20.467281341552734,0.01,-0.58,0.8,-0.06,-0.12,-1.4,-9.9,-7.65,32.11
20.52646017074585,0.02,-0.58,0.81,0.0,0.0,-1.46,-9.6,-6.75,32.26
20.58751654624939,0.01,-0.59,0.8,-0.12,-0.18,-1.52,-10.2,-6.6,32.41
20.647417545318604,0.01,-0.57,0.79,-0.18,-0.18,-1.46,-8.25,-6.75,31.21
20.706125020980835,0.01,-0.59,0.79,0.0,0.0,-1.4,-8.1,-6.6,32.71
20.766303062438965,0.01,-0.58,0.8,0.0,0.0,-1.52,-8.55,-6.75,31.96
20.826740264892578,0.01,-0.58,0.8,0.0,0.0,-1.46,-9.0,-5.7,31.96
20.886881589889526,0.02,-0.58,0.81,-0.12,-0.18,-1.52,-10.65,-6.9,32.71
20.946624755859375,0.02,-0.59,0.82,0.0,0.0,-1.52,-8.55,-6.0,31.51
21.00631833076477,0.01,-0.59,0.82,0.12,0.0,-1.46,-9.0,-6.45,31.21
21.06744074821472,0.0,-0.58,0.81,-0.06,-0.12,-1.4,-9.45,-5.55,32.11
21.12676191329956,0.01,-0.58,0.81,0.0,0.06,-1.52,-9.15,-6.9,31.36
21.186464548110962,0.01,-0.58,0.8,-0.12,-0.18,-1.52,-8.25,-5.7,31.51
21.247470378875732,0.01,-0.58,0.82,0.06,0.0,-1.46,-9.3,-5.7,31.51
21.307533264160156,0.01,-0.58,0.8,-0.12,-0.06,-1.4,-8.4,-6.9,31.06
21.367254734039307,0.02,-0.58,0.81,-0.12,-0.06,-1.52,-9.3,-6.75,32.56
21.427994966506958,0.01,-0.59,0.81,0.0,0.0,-1.46,-9.6,-7.8,31.96
21.48804020881653,0.02,-0.59,0.8,0.0,0.0,-1.52,-10.65,-7.65,31.66
21.546381950378418,0.01,-0.59,0.79,0.0,0.0,-1.52,-9.45,-5.1,30.31
21.60735058784485,0.02,-0.58,0.8,-0.12,-0.06,-1.4,-10.2,-8.4,31.66
21.666306972503662,0.01,-0.58,0.79,-0.06,-0.12,-1.52,-9.9,-7.35,30.61
21.72678780555725,0.01,-0.58,0.8,-0.12,-0.18,-1.46,-9.45,-5.85,32.11
21.787070989608765,0.01,-0.59,0.81,-0.06,-0.12,-1.4,-9.3,-5.4,31.21
21.846492767333984,0.0,-0.59,0.81,0.0,0.0,-1.46,-9.3,-7.5,31.21
21.90662908554077,0.01,-0.58,0.81,0.0,0.06,-1.4,-8.4,-5.1,31.06
21.96715497970581,0.01,-0.57,0.8,-0.12,-0.24,-1.52,-8.55,-7.2,32.26
22.02656579017639,0.02,-0.58,0.79,0.0,0.06,-1.46,-9.45,-6.3,31.06
22.086819648742676,0.01,-0.57,0.79,0.0,0.0,-1.46,-10.35,-6.0,32.26
22.14631986618042,0.01,-0.58,0.8,-0.06,0.0,-1.46,-8.7,-5.55,31.06
22.206268072128296,0.02,-0.59,0.79,-0.06,-0.12,-1.52,-8.7,-5.55,32.11
22.266257524490356,0.01,-0.59,0.8,0.0,0.0,-1.52,-9.15,-6.6,32.11
22.326595067977905,0.02,-0.58,0.81,-0.06,-0.18,-1.46,-10.05,-5.7,32.56
22.387373208999634,0.01,-0.58,0.81,-0.18,-0.06,-1.46,-10.8,-4.95,31.51
22.446709394454956,0.02,-0.58,0.8,-0.06,-0.12,-1.52,-9.0,-4.95,31.21
22.50619387626648,0.01,-0.58,0.8,0.0,0.0,-1.34,-8.4,-4.05,31.36
22.565906524658203,0.02,-0.57,0.8,0.0,0.0,-1.46,-9.3,-6.45,31.96
22.626975536346436,0.02,-0.58,0.81,0.0,0.0,-1.52,-9.3,-7.2,31.21
22.686371326446533,0.01,-0.58,0.81,0.0,0.0,-1.46,-9.0,-5.7,31.96
22.746508359909058,0.02,-0.58,0.8,-0.12,-0.18,-1.46,-9.6,-6.75,31.51
22.80626130104065,0.01,-0.57,0.79,-0.06,-0.12,-1.4,-9.45,-6.9,30.61
22.865873098373413,0.01,-0.59,0.81,0.0,0.0,-1.52,-9.45,-6.6,31.66
22.927021980285645,0.02,-0.58,0.8,0.06,0.12,-1.46,-9.3,-6.45,31.96
22.985999584197998,0.01,-0.58,0.81,-0.06,0.0,-1.4,-9.45,-5.1,32.11
23.04669952392578,0.01,-0.58,0.79,-0.06,-0.12,-1.46,-9.0,-6.45,31.51
23.105960607528687,0.01,-0.59,0.81,0.0,0.0,-1.4,-10.05,-5.7,31.51
23.166187524795532,0.01,-0.57,0.8,-0.12,-0.06,-1.46,-8.25,-5.7,31.96
23.226433038711548,0.01,-0.59,0.8,0.0,0.0,-1.4,-8.7,-5.85,32.41
23.287951469421387,0.01,-0.59,0.78,-0.12,-0.18,-1.52,-8.1,-5.85,32.41
23.346758604049683,0.01,-0.58,0.78,0.0,0.0,-1.52,-9.45,-4.35,31.36
23.407041549682617,0.01,-0.58,0.8,-0.12,-0.18,-1.4,-10.35,-8.25,31.96
23.466554403305054,0.02,-0.58,0.8,0.0,0.0,-1.4,-9.0,-5.7,33.01
23.526193618774414,0.01,-0.59,0.81,-0.06,-0.18,-1.46,-9.3,-6.45,31.96
23.587547302246094,0.02,-0.58,0.79,0.0,0.0,-1.4,-9.9,-5.85,30.61
23.646618843078613,0.02,-0.58,0.8,0.0,0.06,-1.52,-9.0,-6.75,31.51
23.706302881240845,0.01,-0.58,0.8,0.0,0.0,-1.46,-9.0,-6.45,31.21
23.7664794921875,0.01,-0.57,0.81,-0.06,-0.18,-1.46,-10.95,-5.55,31.66
23.828049182891846,0.01,-0.58,0.8,-0.12,-0.06,-1.52,-9.15,-5.55,31.36
23.886748552322388,0.01,-0.59,0.8,-0.12,-0.06,-1.4,-7.8,-6.0,32.56
23.94682240486145,0.01,-0.58,0.81,-0.18,-0.18,-1.52,-8.7,-6.3,31.06
24.00582528114319,0.01,-0.58,0.79,0.0,0.0,-1.46,-9.15,-5.85,31.06
24.06654644012451,0.02,-0.57,0.82,0.0,0.0,-1.4,-9.6,-5.7,32.26
24.12647533416748,0.01,-0.57,0.8,0.0,0.0,-1.46,-9.6,-7.8,31.96
24.186602115631104,0.01,-0.58,0.81,-0.12,-0.18,-1.34,-10.8,-6.75,31.96
24.246514081954956,0.02,-0.58,0.8,-0.06,-0.12,-1.46,-9.45,-5.1,31.36
24.306342363357544,0.01,-0.58,0.82,0.0,0.0,-1.4,-8.25,-6.75,31.21
24.365522384643555,0.01,-0.58,0.78,0.0,0.0,-1.4,-9.6,-8.25,32.56
24.426010131835938,0.0,-0.58,0.82,0.0,0.0,-1.4,-9.6,-6.75,31.51
24.486268758773804,0.02,-0.59,0.81,0.0,0.0,-1.4,-8.7,-4.8,32.41
24.5460262298584,0.01,-0.58,0.81,-0.18,-0.06,-1.46,-9.9,-6.3,31.06
24.606194734573364,0.01,-0.58,0.8,0.0,0.0,-1.46,-10.05,-6.45,30.91
24.666337490081787,0.01,-0.58,0.8,0.0,0.0,-1.4,-9.15,-7.35,31.06
24.726046562194824,0.01,-0.59,0.81,-0.06,-0.12,-1.46,-9.45,-5.85,32.71
24.786559581756592,0.01,-0.59,0.79,-0.06,-0.12,-1.52,-8.4,-5.55,32.41
24.845821619033813,0.02,-0.58,0.81,-0.12,-0.06,-1.34,-10.2,-6.9,32.71
24.906553268432617,0.0,-0.58,0.79,-0.12,-0.06,-1.46,-9.9,-6.3,32.11
24.966455459594727,0.01,-0.58,0.8,-0.12,-0.24,-1.52,-9.15,-6.3,31.06
25.026382207870483,0.0,-0.59,0.79,0.0,0.0,-1.4,-8.25,-6.75,30.46
25.086122274398804,0.01,-0.58,0.81,0.06,0.0,-1.46,-8.1,-6.9,31.66
25.14656352996826,0.01,-0.58,0.79,-0.12,-0.06,-1.52,-8.25,-5.7,33.01
25.206146001815796,0.01,-0.59,0.79,-0.18,-0.18,-1.46,-9.15,-7.65,32.11
25.265986680984497,0.02,-0.59,0.81,0.0,0.0,-1.46,-9.0,-6.0,31.51
25.326446056365967,0.01,-0.58,0.81,0.06,0.0,-1.52,-8.4,-6.9,30.31
25.38636541366577,0.01,-0.58,0.81,0.0,0.0,-1.59,-10.05,-5.7,32.26
25.44675922393799,0.01,-0.58,0.81,-0.06,-0.12,-1.34,-9.15,-6.3,30.31
25.506354093551636,0.01,-0.58,0.8,-0.12,-0.18,-1.46,-9.45,-6.6,31.06
25.56600284576416,0.02,-0.58,0.79,-0.06,-0.12,-1.52,-9.0,-7.2,31.96
25.626248598098755,0.01,-0.58,0.81,-0.06,-0.12,-1.52,-8.25,-6.75,31.51
25.686452627182007,0.01,-0.58,0.81,0.0,0.06,-1.46,-10.8,-6.45,31.21
25.746065616607666,0.02,-0.58,0.8,-0.06,-0.12,-1.4,-9.0,-6.0,32.26
25.806118965148926,0.01,-0.58,0.8,-0.18,-0.06,-1.46,-9.3,-6.0,31.51
25.86590266227722,0.01,-0.58,0.8,-0.06,-0.12,-1.46,-10.65,-7.35,31.36
25.926172494888306,0.01,-0.58,0.79,0.0,0.0,-1.4,-9.0,-5.4,31.96
25.98539638519287,0.02,-0.59,0.8,0.06,0.0,-1.4,-9.0,-6.75,30.91
26.046236038208008,0.02,-0.58,0.81,-0.12,-0.06,-1.4,-10.8,-6.45,31.96
26.107282638549805,0.01,-0.58,0.8,0.0,0.0,-1.4,-10.05,-7.2,30.91
26.16584062576294,0.0,-0.59,0.8,0.0,0.0,-1.4,-9.6,-6.75,32.56
26.22576642036438,0.02,-0.58,0.79,0.0,0.0,-1.52,-10.35,-6.0,32.56
26.285757303237915,0.01,-0.58,0.78,0.0,0.06,-1.46,-9.6,-6.45,32.26
26.346460103988647,0.01,-0.6,0.81,-0.24,-0.06,-1.46,-10.2,-6.3,31.66
26.40555739402771,0.01,-0.58,0.79,0.0,0.0,-1.4,-7.65,-6.6,31.36
26.465773344039917,0.01,-0.58,0.8,0.0,0.0,-1.4,-9.15,-6.6,32.11
26.52579092979431,0.0,-0.58,0.8,0.0,0.0,-1.52,-8.7,-4.35,33.16
26.586012601852417,0.01,-0.58,0.8,-0.12,-0.06,-1.4,-9.6,-6.75,31.51
26.64527678489685,0.01,-0.59,0.79,0.0,0.0,-1.46,-8.55,-6.75,30.16
26.705785751342773,0.01,-0.58,0.81,-0.18,-0.18,-1.4,-9.15,-6.3,32.41
26.76593565940857,0.01,-0.58,0.81,0.0,0.0,-1.46,-9.9,-6.6,32.11
26.825603008270264,0.01,-0.59,0.81,0.0,0.0,-1.34,-10.35,-6.0,30.46
26.885823488235474,0.02,-0.58,0.79,0.0,-0.12,-1.4,-9.15,-7.35,31.66
26.94653058052063,0.02,-0.58,0.81,0.06,0.0,-1.46,-9.0,-6.0,32.56
27.006380558013916,0.01,-0.58,0.8,-0.18,-0.06,-1.52,-10.2,-6.6,32.41
27.066224098205566,0.0,-0.58,0.8,0.06,-0.12,-1.4,-9.15,-5.85,32.11
27.12587070465088,0.01,-0.59,0.8,0.0,0.0,-1.46,-8.4,-6.6,31.66
27.18630337715149,0.01,-0.59,0.8,-0.06,-0.18,-1.46,-8.55,-6.75,31.51
27.24603247642517,0.02,-0.59,0.8,0.12,0.0,-1.46,-10.35,-5.4,31.21
27.305819988250732,0.02,-0.59,0.79,-0.06,-0.12,-1.46,-9.9,-5.85,32.11
27.36637306213379,0.01,-0.58,0.81,0.06,0.0,-1.46,-10.2,-6.3,31.66
27.42632222175598,0.02,-0.59,0.8,-0.12,-0.18,-1.59,-10.65,-6.9,31.66
27.486998319625854,0.02,-0.58,0.79,-0.18,-0.24,-1.4,-9.15,-5.85,32.41
27.545597314834595,0.02,-0.59,0.81,-0.06,-0.12,-1.46,-8.25,-6.45,33.31
27.60696530342102,0.02,-0.57,0.8,0.06,0.0,-1.52,-9.45,-8.1,32.11
27.666343450546265,0.02,-0.58,0.8,0.0,0.0,-1.52,-9.45,-5.85,31.36
27.725562810897827,0.01,-0.58,0.8,-0.06,-0.12,-1.46,-8.7,-8.1,32.11
27.785426139831543,0.02,-0.58,0.81,0.0,0.0,-1.52,-9.9,-6.9,31.66
27.845461130142212,0.02,-0.59,0.81,-0.12,-0.06,-1.52,-9.0,-6.45,31.51
27.905670404434204,0.01,-0.58,0.81,-0.06,-0.12,-1.46,-9.0,-6.75,32.56
27.966200828552246,0.02,-0.58,0.8,0.0,0.0,-1.4,-10.2,-6.6,31.06
28.02738070487976,0.02,-0.57,0.8,-0.12,-0.24,-1.46,-9.9,-5.85,31.66
28.08569622039795,0.0,-0.59,0.82,0.0,0.0,-1.4,-9.15,-6.9,31.66
28.145955324172974,0.01,-0.59,0.8,0.0,0.0,-1.52,-8.55,-6.75,31.21
28.20595908164978,0.01,-0.58,0.8,0.0,0.0,-1.52,-10.35,-5.7,33.01
28.26595139503479,0.01,-0.59,0.79,-0.12,-0.06,-1.46,-10.35,-6.0,33.31
28.325414657592773,0.02,-0.58,0.81,-0.18,-0.18,-1.46,-8.7,-6.6,31.66
28.385919094085693,0.0,-0.58,0.8,0.0,0.0,-1.46,-9.45,-5.85,31.06
28.446697235107422,0.0,-0.59,0.8,-0.12,-0.18,-1.46,-9.6,-4.95,30.91
28.50550675392151,0.01,-0.58,0.81,0.0,0.0,-1.46,-9.3,-7.5,31.51
28.565815687179565,0.0,-0.59,0.81,0.0,0.0,-1.46,-9.45,-5.55,31.06
28.62625241279602,0.01,-0.58,0.8,-0.06,-0.12,-1.46,-10.35,-5.7,30.91
28.686868906021118,0.01,-0.59,0.81,-0.12,-0.24,-1.4,-9.0,-6.0,33.01
28.745282649993896,0.02,-0.58,0.8,-0.12,-0.06,-1.46,-8.55,-6.75,30.91
28.80551528930664,0.02,-0.58,0.8,0.0,0.06,-1.4,-8.4,-7.35,31.36
28.865473985671997,0.01,-0.58,0.8,0.0,0.0,-1.52,-8.7,-5.85,32.71
28.926045894622803,0.01,-0.59,0.81,-0.12,-0.06,-1.46,-9.15,-6.3,31.36
28.985576629638672,0.02,-0.58,0.8,-0.06,-0.12,-1.59,-8.55,-6.45,32.26
29.045898914337158,0.02,-0.58,0.79,0.0,0.0,-1.46,-9.0,-4.2,30.91
29.106002807617188,0.01,-0.59,0.79,-0.18,-0.06,-1.46,-8.7,-6.3,32.11
29.165226459503174,0.02,-0.58,0.78,0.0,0.0,-1.52,-8.1,-6.3,33.46
29.225980758666992,0.01,-0.59,0.81,-0.06,-0.12,-1.4,-10.05,-6.45,31.21
29.28697919845581,0.02,-0.58,0.8,-0.06,-0.12,-1.59,-9.45,-6.6,31.36
29.34589409828186,0.01,-0.58,0.8,0.0,-0.18,-1.52,-10.65,-6.9,31.66
29.406747579574585,0.01,-0.58,0.79,-0.12,-0.06,-1.52,-9.9,-6.3,31.06
29.465922594070435,0.02,-0.58,0.81,0.0,0.0,-1.4,-9.15,-6.9,31.66
29.526158571243286,0.01,-0.58,0.8,0.0,0.06,-1.52,-10.35,-6.0,31.96
29.58601713180542,0.02,-0.59,0.8,-0.12,-0.18,-1.52,-10.05,-6.0,32.26
29.645498037338257,0.01,-0.58,0.79,-0.12,-0.06,-1.46,-9.9,-6.9,31.66
29.707004070281982,0.02,-0.58,0.81,-0.06,-0.12,-1.4,-9.3,-6.75,31.96
29.765846967697144,0.02,-0.59,0.81,-0.06,-0.12,-1.4,-8.7,-7.35,31.36
29.82657217979431,0.02,-0.58,0.8,-0.12,-0.18,-1.4,-10.2,-6.3,31.36
29.885474920272827,0.01,-0.58,0.82,0.0,0.0,-1.46,-9.3,-6.45,31.96
29.945831537246704,0.01,-0.59,0.8,-0.12,-0.06,-1.46,-9.6,-7.2,31.21
30.00538420677185,0.0,-0.58,0.81,0.0,0.0,-1.46,-9.6,-6.45,31.96
30.065133333206177,0.02,-0.58,0.79,-0.18,-0.06,-1.46,-8.55,-6.75,31.96
30.12593674659729,0.02,-0.59,0.79,0.0,0.0,-1.46,-8.25,-5.4,32.26
30.18535542488098,0.01,-0.58,0.81,-0.06,-0.18,-1.52,-10.05,-7.2,31.21
30.245033264160156,0.01,-0.57,0.81,0.0,0.0,-1.46,-8.7,-7.35,31.36
30.305984020233154,0.02,-0.58,0.79,-0.06,-0.12,-1.46,-9.45,-5.85,31.06
30.365872383117676,0.01,-0.59,0.79,0.0,0.0,-1.4,-8.7,-6.9,31.66
30.425431489944458,0.0,-0.58,0.8,0.0,0.0,-1.46,-9.15,-5.55,30.61
30.484965562820435,0.01,-0.58,0.8,-0.06,-0.12,-1.4,-9.6,-5.7,31.96
30.545783281326294,0.01,-0.59,0.8,-0.12,-0.18,-1.52,-10.2,-5.1,30.61
30.60643768310547,0.01,-0.58,0.81,-0.12,-0.06,-1.4,-9.15,-4.8,31.36
30.66506338119507,0.02,-0.58,0.81,-0.06,-0.12,-1.59,-8.4,-5.55,31.36
30.72549819946289,0.02,-0.58,0.8,-0.06,-0.12,-1.52,-9.0,-6.0,31.21
30.785059452056885,0.0,-0.59,0.81,0.0,0.0,-1.4,-9.3,-6.45,30.91
30.84580159187317,0.01,-0.59,0.78,0.0,0.0,-1.4,-8.25,-4.95,31.96
30.90635371208191,0.01,-0.58,0.81,0.0,0.06,-1.52,-9.3,-7.2,30.91
30.965441703796387,0.02,-0.58,0.81,-0.12,-0.06,-1.52,-9.3,-6.75,31.21
31.026376008987427,0.01,-0.58,0.8,0.0,0.0,-1.4,-9.3,-4.2,30.46
31.085110902786255,0.02,-0.58,0.81,-0.06,-0.12,-1.46,-9.0,-6.75,31.96
31.145535230636597,0.01,-0.58,0.8,-0.24,-0.06,-1.52,-9.6,-7.2,33.31
31.20555543899536,0.02,-0.58,0.81,-0.06,-0.12,-1.52,-9.3,-6.45,31.21
31.26500129699707,0.01,-0.59,0.8,-0.06,-0.18,-1.46,-9.0,-7.8,30.91
31.32588481903076,0.01,-0.58,0.8,-0.12,-0.18,-1.46,-9.3,-6.45,32.56
31.385470628738403,0.01,-0.59,0.8,0.0,0.0,-1.46,-8.25,-7.2,31.21
31.445922374725342,0.01,-0.58,0.8,-0.12,-0.06,-1.52,-9.0,-6.0,32.56
31.505550861358643,0.01,-0.57,0.78,-0.12,-0.18,-1.46,-10.2,-5.1,31.66
31.56526494026184,0.01,-0.59,0.79,0.06,0.0,-1.4,-9.15,-5.55,33.76
31.62585973739624,0.01,-0.58,0.81,-0.12,-0.06,-1.46,-9.0,-5.7,32.26
31.685017824172974,0.02,-0.59,0.81,0.0,0.0,-1.4,-9.6,-6.0,31.51
31.746986865997314,0.01,-0.57,0.81,-0.06,-0.12,-1.46,-9.3,-7.8,31.96
31.805171728134155,0.01,-0.58,0.81,0.0,0.0,-1.4,-9.15,-6.9,32.11
31.866026639938354,0.02,-0.59,0.79,-0.06,-0.18,-1.4,-8.55,-4.95,31.96
31.925981760025024,0.02,-0.59,0.8,0.0,0.0,-1.52,-10.05,-6.0,32.56
31.985233306884766,0.01,-0.59,0.81,-0.06,-0.12,-1.34,-10.2,-4.35,32.71
32.04531979560852,0.01,-0.58,0.8,-0.12,-0.06,-1.4,-11.25,-4.35,31.66
32.10476565361023,0.02,-0.58,0.8,-0.06,-0.18,-1.52,-8.7,-5.55,33.46
32.166282176971436,0.01,-0.59,0.81,0.0,0.0,-1.46,-9.15,-6.6,31.06
32.225027561187744,0.01,-0.58,0.8,0.0,0.06,-1.52,-10.2,-7.65,32.41
32.2855908870697,0.01,-0.58,0.79,-0.12,-0.06,-1.52,-8.7,-6.3,32.11
32.34493446350098,0.02,-0.58,0.8,-0.06,0.0,-1.46,-8.1,-6.9,31.06
32.40604496002197,0.01,-0.6,0.79,0.0,0.06,-1.46,-7.5,-6.0,31.21
32.46565890312195,0.01,-0.58,0.81,-0.12,-0.18,-1.46,-10.05,-7.5,31.21
32.525639295578,0.02,-0.58,0.79,-0.06,-0.12,-1.4,-10.05,-6.45,30.16
32.5849552154541,0.01,-0.58,0.8,-0.12,-0.06,-1.46,-9.9,-7.35,32.11
32.64437747001648,0.0,-0.58,0.8,0.0,0.0,-1.52,-9.3,-7.2,31.51
32.70618796348572,0.01,-0.58,0.8,-0.12,-0.18,-1.4,-9.0,-5.7,33.31
32.76556444168091,0.01,-0.59,0.8,-0.12,-0.18,-1.4,-8.1,-6.9,31.66
32.825743198394775,0.01,-0.58,0.79,-0.06,-0.12,-1.52,-10.8,-6.75,30.16
32.884859800338745,0.01,-0.58,0.79,-0.06,-0.12,-1.46,-12.0,-7.35,31.36
32.944950580596924,0.0,-0.58,0.81,0.0,0.0,-1.46,-10.35,-6.0,31.96
33.00460124015808,0.02,-0.58,0.81,-0.12,-0.06,-1.4,-9.15,-5.1,31.36
33.06532907485962,0.02,-0.59,0.79,0.0,0.0,-1.52,-9.0,-6.45,31.21
33.12624955177307,0.01,-0.59,0.81,-0.12,-0.18,-1.52,-9.9,-5.85,31.36
33.18492650985718,0.02,-0.57,0.81,-0.06,-0.12,-1.46,-9.0,-6.75,32.26
33.2450852394104,0.01,-0.58,0.8,-0.06,-0.12,-1.34,-9.9,-5.85,32.11
33.30517363548279,0.02,-0.58,0.79,-0.06,-0.12,-1.34,-7.8,-6.45,33.01
33.365869998931885,0.02,-0.58,0.81,-0.18,-0.06,-1.46,-8.25,-6.45,31.21
33.425103187561035,0.02,-0.58,0.81,0.0,0.0,-1.4,-9.15,-4.8,32.41
33.48482418060303,0.01,-0.57,0.81,0.0,0.0,-1.59,-9.3,-7.2,33.31
33.54564118385315,0.01,-0.58,0.79,-0.12,-0.06,-1.46,-9.6,-6.0,31.96
33.604732036590576,0.01,-0.59,0.79,0.0,0.0,-1.4,-9.0,-6.75,31.51
33.665040254592896,0.01,-0.58,0.81,-0.06,-0.12,-1.34,-9.45,-7.65,31.06
33.726085901260376,0.0,-0.58,0.82,-0.06,-0.18,-1.4,-10.2,-5.1,31.66
33.78585243225098,0.02,-0.59,0.81,0.0,0.0,-1.59,-9.9,-6.3,30.61
33.844964027404785,0.01,-0.58,0.79,-0.18,-0.06,-1.52,-9.3,-6.0,31.21
33.90438532829285,0.02,-0.59,0.8,0.0,0.0,-1.52,-8.7,-8.1,32.41
33.964959144592285,0.01,-0.58,0.81,0.0,0.0,-1.34,-8.7,-6.9,31.66
34.024988651275635,0.01,-0.59,0.81,-0.06,-0.12,-1.4,-8.25,-7.8,32.26
34.08415365219116,0.01,-0.59,0.81,0.0,0.0,-1.46,-10.2,-7.35,32.41
34.145264625549316,0.0,-0.58,0.78,0.0,0.06,-1.46,-9.0,-6.45,29.41
34.205307722091675,0.02,-0.58,0.82,0.0,0.0,-1.59,-9.3,-6.75,31.96
34.26507234573364,0.01,-0.58,0.8,-0.06,-0.3,-1.4,-10.65,-5.55,31.36
34.32530665397644,0.0,-0.58,0.79,-0.12,-0.24,-1.46,-10.35,-5.4,31.96
34.38477349281311,0.02,-0.58,0.81,0.0,0.0,-1.46,-9.0,-3.45,30.46
34.4452121257782,0.01,-0.58,0.79,0.06,0.0,-1.52,-8.4,-6.9,32.41
34.50546646118164,0.01,-0.58,0.79,0.0,0.0,-1.34,-10.05,-4.95,31.51
34.56493163108826,0.01,-0.59,0.79,-0.12,-0.18,-1.34,-9.45,-6.3,32.71
34.62527418136597,0.01,-0.58,0.8,-0.06,-0.12,-1.52,-8.1,-3.3,31.06
34.68421769142151,0.02,-0.58,0.81,0.0,0.0,-1.46,-8.7,-6.6,31.06
34.744220495224,0.01,-0.58,0.8,0.0,0.0,-1.4,-9.0,-4.65,30.46
34.80478119850159,0.01,-0.59,0.8,0.0,0.0,-1.4,-8.7,-6.9,32.11
34.865050315856934,0.02,-0.58,0.81,-0.06,-0.12,-1.52,-10.35,-5.7,32.26
34.924285888671875,0.02,-0.59,0.8,0.0,0.0,-1.52,-10.05,-5.7,32.26
34.984801292419434,0.01,-0.58,0.81,0.0,0.0,-1.52,-9.0,-6.45,32.26
35.04515075683594,0.01,-0.58,0.8,0.12,0.0,-1.46,-9.45,-6.9,31.66
35.10437607765198,0.01,-0.58,0.81,-0.06,-0.12,-1.46,-9.6,-6.45,32.56
35.16494369506836,0.02,-0.58,0.82,0.06,0.0,-1.46,-8.7,-5.85,31.06
35.22467279434204,0.01,-0.59,0.81,-0.12,-0.06,-1.4,-9.6,-7.5,31.96
35.28501105308533,0.01,-0.58,0.81,0.0,0.0,-1.46,-9.45,-4.8,32.41
35.344545125961304,0.01,-0.58,0.79,0.0,0.0,-1.4,-8.7,-5.55,31.66
35.40433931350708,0.01,-0.59,0.8,-0.06,0.0,-1.52,-9.15,-5.85,31.66
35.46430826187134,0.01,-0.58,0.8,0.0,0.06,-1.4,-9.9,-6.3,32.41
35.52399396896362,0.02,-0.59,0.8,0.0,0.0,-1.4,-9.9,-6.3,31.36
35.5842502117157,0.01,-0.59,0.82,-0.18,-0.18,-1.52,-7.8,-6.45,30.91
35.64455246925354,0.01,-0.59,0.8,-0.06,-0.12,-1.46,-9.6,-5.4,32.56
35.70429825782776,0.01,-0.58,0.81,0.0,-0.12,-1.4,-9.0,-6.0,30.16
35.76498246192932,0.01,-0.58,0.8,-0.12,-0.06,-1.4,-8.4,-5.55,31.66
35.82481265068054,0.02,-0.58,0.79,0.0,0.0,-1.4,-8.7,-5.55,31.36
35.88428997993469,0.01,-0.58,0.81,-0.12,-0.06,-1.52,-10.8,-6.75,31.96
35.94471788406372,0.02,-0.58,0.8,0.0,0.0,-1.52,-9.9,-5.85,31.36
36.00471258163452,0.01,-0.58,0.81,-0.06,0.0,-1.46,-9.45,-7.35,30.61
36.06418490409851,0.01,-0.59,0.79,-0.12,-0.06,-1.59,-9.15,-5.55,31.36
36.12445664405823,0.01,-0.58,0.8,0.0,0.0,-1.4,-10.05,-6.45,32.26
36.184109926223755,0.01,-0.58,0.81,0.0,0.0,-1.46,-9.15,-6.6,32.71
36.24463987350464,0.01,-0.59,0.81,-0.06,-0.18,-1.46,-10.35,-7.2,31.21
36.30422806739807,0.02,-0.58,0.8,-0.06,-0.18,-1.4,-9.0,-6.0,30.91
36.36485433578491,0.01,-0.58,0.8,-0.12,-0.06,-1.52,-9.45,-6.3,32.11
36.424004554748535,0.01,-0.59,0.8,0.0,0.0,-1.59,-9.9,-6.6,31.36
36.48490834236145,0.01,-0.58,0.8,0.0,0.0,-1.46,-7.65,-5.1,32.11
36.54373216629028,0.02,-0.58,0.8,0.0,0.0,-1.52,-9.45,-6.3,32.11
36.60421371459961,0.01,-0.58,0.8,0.0,0.0,-1.4,-9.0,-6.45,31.96
36.66501998901367,0.01,-0.57,0.8,-0.06,-0.12,-1.4,-8.55,-5.4,31.96
36.72442030906677,0.01,-0.59,0.79,0.0,0.0,-1.52,-7.65,-6.9,32.71
36.78439736366272,0.01,-0.6,0.8,0.0,0.0,-1.52,-9.0,-6.75,30.46
36.84480571746826,0.01,-0.58,0.82,-0.06,-0.12,-1.46,-9.15,-6.9,31.36
36.90392708778381,0.01,-0.58,0.79,0.0,0.0,-1.46,-8.1,-5.85,31.66
36.964733839035034,0.02,-0.58,0.8,0.0,0.0,-1.4,-10.2,-6.6,29.56
37.02481555938721,0.02,-0.58,0.81,0.0,0.0,-1.46,-10.2,-6.6,32.41
37.08485412597656,0.01,-0.58,0.8,-0.06,-0.12,-1.4,-9.45,-5.55,31.66
37.14401698112488,0.01,-0.58,0.8,-0.12,-0.18,-1.46,-10.05,-6.45,31.21
37.20555090904236,0.01,-0.59,0.8,-0.12,-0.06,-1.4,-9.15,-6.6,32.11
37.26417899131775,0.02,-0.58,0.8,0.0,0.0,-1.4,-10.05,-5.7,30.91
37.3247811794281,0.01,-0.59,0.81,-0.06,-0.12,-1.4,-10.2,-5.55,31.66
37.38472938537598,0.01,-0.59,0.79,0.0,0.0,-1.28,-10.35,-7.5,30.91
37.44449019432068,0.01,-0.58,0.8,-0.12,-0.06,-1.46,-9.9,-5.55,32.11
37.5037202835083,0.01,-0.58,0.81,0.0,0.0,-1.4,-9.6,-6.45,31.51
37.56451082229614,0.01,-0.58,0.78,-0.06,-0.12,-1.52,-10.05,-6.0,31.21
37.62433314323425,0.01,-0.58,0.79,0.0,0.0,-1.46,-10.2,-7.35,31.06
37.68389916419983,0.02,-0.57,0.8,0.0,0.0,-1.4,-9.9,-7.35,32.41
37.74576807022095,0.01,-0.59,0.8,0.0,0.0,-1.4,-8.4,-7.65,31.06
37.80464768409729,0.02,-0.58,0.8,-0.06,-0.12,-1.4,-9.0,-5.4,30.91
37.864335775375366,0.02,-0.58,0.8,0.0,0.0,-1.46,-9.45,-6.3,32.41
37.924506187438965,0.01,-0.57,0.8,-0.06,-0.12,-1.4,-9.45,-5.85,31.66
37.98405075073242,0.01,-0.58,0.8,-0.06,-0.12,-1.46,-9.3,-7.2,31.96
38.04370713233948,0.01,-0.58,0.8,0.0,0.0,-1.4,-8.4,-6.6,31.36
38.10454273223877,0.02,-0.58,0.78,0.0,0.0,-1.46,-9.15,-6.9,32.41
38.164079427719116,0.02,-0.58,0.8,0.0,0.0,-1.52,-9.45,-6.6,31.06
38.22514629364014,0.01,-0.59,0.82,-0.12,-0.18,-1.46,-10.05,-6.0,32.26
38.2843976020813,0.01,-0.58,0.79,-0.06,-0.12,-1.59,-9.45,-6.3,31.06
38.344484090805054,0.02,-0.58,0.8,0.0,0.0,-1.52,-10.35,-6.75,33.61
38.40421438217163,0.02,-0.58,0.8,0.0,0.0,-1.59,-9.0,-6.75,32.26
38.464264154434204,0.01,-0.58,0.8,0.0,0.0,-1.46,-9.15,-7.35,32.41
38.52449083328247,0.01,-0.59,0.8,-0.06,-0.12,-1.4,-9.3,-6.75,31.96
38.58555030822754,0.02,-0.59,0.81,0.0,0.0,-1.34,-9.0,-6.45,32.26
38.64398145675659,0.01,-0.58,0.79,0.0,0.0,-1.52,-8.55,-7.2,30.46
38.70410704612732,0.02,-0.58,0.79,-0.06,-0.12,-1.34,-9.9,-7.65,31.06
38.763882875442505,0.01,-0.58,0.81,-0.12,-0.18,-1.46,-8.7,-7.35,30.61
38.82459330558777,0.01,-0.59,0.81,-0.24,-0.06,-1.59,-9.45,-6.6,31.36
38.88361430168152,0.01,-0.59,0.8,0.0,0.06,-1.46,-9.0,-7.5,30.46
38.9446861743927,0.02,-0.59,0.82,-0.12,-0.06,-1.46,-9.15,-5.85,31.06
39.00408697128296,0.0,-0.57,0.78,-0.12,-0.06,-1.52,-10.2,-5.55,31.66
39.06425857543945,0.01,-0.58,0.79,0.0,-0.12,-1.52,-9.15,-6.6,33.16
39.123849630355835,0.0,-0.58,0.81,-0.06,-0.12,-1.46,-9.6,-6.45,31.51
39.18551063537598,0.02,-0.58,0.79,0.0,0.0,-1.46,-8.7,-6.3,32.11
39.2439546585083,0.02,-0.58,0.79,-0.12,-0.06,-1.52,-9.6,-6.0,31.51
39.304630517959595,0.02,-0.58,0.8,-0.06,-0.12,-1.52,-9.9,-6.9,32.11
39.36393880844116,0.02,-0.59,0.79,-0.12,-0.06,-1.52,-9.45,-6.6,29.56
39.4247510433197,0.02,-0.59,0.8,0.0,0.0,-1.46,-10.65,-6.6,33.16
39.48373055458069,0.02,-0.58,0.8,-0.06,-0.12,-1.52,-9.45,-5.1,31.06
39.5438175201416,0.01,-0.59,0.8,0.0,0.0,-1.4,-9.3,-5.7,31.21
39.60421180725098,0.02,-0.58,0.82,-0.12,-0.18,-1.46,-9.6,-6.0,31.96
39.66378879547119,0.01,-0.57,0.8,-0.06,0.0,-1.52,-9.3,-6.0,31.51
39.72394800186157,0.02,-0.58,0.8,0.0,0.0,-1.4,-9.6,-7.2,32.26
39.78399586677551,0.01,-0.58,0.8,-0.12,-0.06,-1.52,-8.7,-5.85,32.71
39.843454360961914,0.01,-0.58,0.78,0.0,0.0,-1.4,-10.2,-5.55,32.71
39.9047110080719,0.01,-0.59,0.8,-0.12,-0.3,-1.46,-9.45,-6.6,31.36
39.96529674530029,0.01,-0.58,0.81,0.0,0.0,-1.46,-9.45,-6.3,32.11
40.02451014518738,0.01,-0.58,0.81,-0.18,-0.24,-1.46,-9.6,-6.0,32.26
40.084590911865234,0.02,-0.59,0.81,-0.18,-0.06,-1.4,-9.45,-6.9,31.66
40.144214391708374,0.01,-0.59,0.81,-0.06,-0.12,-1.52,-10.05,-4.95,31.51
40.203978300094604,0.01,-0.59,0.82,-0.12,-0.24,-1.4,-8.25,-6.45,31.96
40.26467967033386,0.01,-0.58,0.8,0.0,0.0,-1.46,-10.05,-5.7,31.21
40.32327079772949,0.02,-0.58,0.81,0.06,0.0,-1.46,-9.6,-6.0,32.26
40.38510823249817,0.01,-0.58,0.8,-0.12,-0.24,-1.46,-10.65,-6.9,31.36
40.44442176818848,0.01,-0.58,0.78,0.0,0.0,-1.46,-8.7,-7.35,32.41
40.504223585128784,0.01,-0.58,0.81,-0.06,-0.12,-1.52,-8.7,-7.35,31.06
40.56449222564697,0.0,-0.59,0.8,-0.12,-0.06,-1.4,-9.45,-5.55,31.36
40.62440228462219,0.01,-0.6,0.8,0.0,0.0,-1.46,-8.7,-6.6,31.36
40.684410572052,0.01,-0.58,0.8,-0.06,-0.12,-1.4,-10.05,-6.0,31.96
40.74426317214966,0.01,-0.58,0.81,-0.06,-0.12,-1.46,-8.7,-6.6,32.11
40.804261922836304,0.01,-0.59,0.8,-0.12,-0.06,-1.4,-9.3,-6.0,30.91
40.86337971687317,0.01,-0.59,0.8,-0.18,-0.06,-1.4,-9.15,-6.9,31.66
40.92380952835083,0.02,-0.58,0.81,-0.12,-0.18,-1.52,-9.9,-6.3,32.41
40.98420286178589,0.02,-0.58,0.8,-0.06,-0.12,-1.52,-9.0,-6.45,31.51
41.04426670074463,0.01,-0.58,0.81,0.0,0.0,-1.4,-8.7,-5.55,31.36
41.10458183288574,0.01,-0.57,0.81,-0.12,-0.18,-1.4,-9.9,-6.9,31.66
41.16399598121643,0.01,-0.59,0.8,0.06,0.06,-1.4,-9.0,-7.2,32.26
41.224295139312744,0.01,-0.59,0.8,-0.06,-0.12,-1.52,-11.1,-6.45,31.51
41.28356146812439,0.01,-0.58,0.79,-0.06,-0.12,-1.59,-8.1,-5.85,32.11
41.34347629547119,0.01,-0.58,0.8,-0.12,-0.06,-1.4,-8.4,-7.35,30.61
41.403982162475586,0.01,-0.58,0.8,-0.12,-0.06,-1.52,-10.05,-6.45,31.21
41.46456050872803,0.01,-0.58,0.79,-0.12,-0.06,-1.46,-9.9,-5.85,32.41
41.52358317375183,0.02,-0.58,0.79,0.0,0.0,-1.46,-10.05,-6.75,30.91
41.58331513404846,0.02,-0.58,0.8,0.0,0.0,-1.46,-9.0,-5.7,30.91
41.643038272857666,0.02,-0.58,0.79,0.0,0.0,-1.46,-10.05,-6.0,32.26
41.70293593406677,0.01,-0.57,0.8,0.0,0.0,-1.46,-9.15,-5.85,32.11
41.763702154159546,0.01,-0.58,0.79,0.0,0.0,-1.4,-9.45,-6.9,32.11
41.82413864135742,0.01,-0.59,0.81,-0.24,-0.06,-1.46,-9.0,-5.7,32.26
41.88430905342102,0.01,-0.58,0.79,-0.18,-0.06,-1.46,-9.6,-7.2,30.16
41.94343876838684,0.01,-0.58,0.8,-0.12,-0.18,-1.46,-10.35,-6.0,30.91
42.0034704208374,0.01,-0.58,0.8,-0.06,-0.12,-1.46,-9.0,-6.45,32.56
42.063152551651,0.01,-0.58,0.81,0.0,0.0,-1.46,-8.4,-5.85,31.36
42.12344670295715,0.01,-0.57,0.8,0.0,0.0,-1.46,-7.8,-6.45,31.21
42.184051275253296,0.02,-0.57,0.8,-0.06,-0.12,-1.46,-10.05,-5.7,31.21
42.24339747428894,0.01,-0.58,0.8,0.0,-0.12,-1.52,-9.6,-6.45,32.26
42.30300307273865,0.02,-0.58,0.8,0.0,0.06,-1.46,-9.6,-6.75,31.96
42.3633337020874,0.01,-0.59,0.8,0.0,0.0,-1.52,-9.6,-7.5,31.21
42.42298364639282,0.01,-0.58,0.8,0.0,0.0,-1.52,-8.7,-8.1,31.66
42.48390460014343,0.02,-0.58,0.82,0.0,0.0,-1.46,-9.0,-6.75,30.46
42.544126987457275,0.02,-0.59,0.79,-0.24,-0.06,-1.4,-8.1,-6.3,32.11
42.604461669921875,0.01,-0.58,0.8,-0.06,-0.12,-1.46,-9.45,-6.3,31.36
42.66395974159241,0.02,-0.58,0.78,0.0,0.0,-1.46,-10.2,-7.65,32.41
42.72447061538696,0.01,-0.58,0.8,0.0,0.06,-1.46,-9.45,-6.3,31.06
42.78295016288757,0.02,-0.58,0.81,0.06,0.0,-1.46,-8.7,-7.65,32.41
42.84350538253784,0.01,-0.58,0.8,-0.06,-0.24,-1.4,-10.2,-6.3,31.66
42.90359950065613,0.0,-0.58,0.81,0.0,0.0,-1.4,-9.3,-6.75,31.51
42.96300435066223,0.01,-0.58,0.8,0.0,0.0,-1.4,-7.8,-6.75,30.46
43.02367377281189,0.02,-0.58,0.81,0.0,0.0,-1.34,-9.0,-5.7,31.96
43.08338785171509,0.02,-0.58,0.79,0.0,0.0,-1.52,-9.9,-5.55,30.61
43.14308285713196,0.01,-0.59,0.79,-0.12,-0.06,-1.46,-9.15,-5.85,32.41
43.203131675720215,0.01,-0.58,0.79,-0.06,-0.18,-1.46,-9.45,-6.9,32.11
43.26349472999573,0.01,-0.58,0.79,-0.06,-0.12,-1.4,-9.45,-5.85,31.66
43.32288336753845,0.02,-0.59,0.79,0.0,0.0,-1.4,-8.25,-5.7,33.31
43.38404726982117,0.02,-0.59,0.81,-0.12,-0.06,-1.4,-11.55,-7.2,33.01
43.442726850509644,0.02,-0.58,0.81,0.0,0.0,-1.52,-10.65,-7.35,32.41
43.50344753265381,0.02,-0.58,0.81,-0.06,0.0,-1.46,-11.1,-5.4,31.96
43.56259894371033,0.01,-0.59,0.81,0.0,0.0,-1.34,-9.45,-7.35,32.71
43.623716831207275,0.01,-0.58,0.79,-0.12,-0.06,-1.46,-8.7,-6.9,30.61
43.68268537521362,0.02,-0.59,0.81,0.0,0.0,-1.46,-9.45,-6.6,31.66
43.743409633636475,0.01,-0.58,0.81,0.06,0.0,-1.52,-10.2,-6.9,31.36
43.80323052406311,0.02,-0.59,0.79,-0.06,-0.12,-1.4,-9.15,-6.3,31.36
43.863651514053345,0.01,-0.58,0.82,-0.12,-0.06,-1.46,-10.2,-6.6,31.66
43.92296051979065,0.01,-0.59,0.81,0.0,0.0,-1.46,-8.7,-6.6,30.61
43.98332381248474,0.01,-0.59,0.8,0.06,0.0,-1.46,-10.05,-6.75,31.51
44.0435528755188,0.01,-0.58,0.82,-0.12,-0.06,-1.46,-9.6,-5.7,31.96
44.10322880744934,0.02,-0.57,0.81,0.0,0.0,-1.28,-8.25,-5.4,32.26
44.1634681224823,0.01,-0.59,0.79,0.0,0.06,-1.4,-9.15,-6.6,31.66
44.22392654418945,0.01,-0.59,0.81,-0.12,-0.18,-1.52,-9.0,-6.75,31.96
44.28279185295105,0.01,-0.58,0.82,-0.06,-0.12,-1.52,-9.6,-5.7,33.01
44.34343504905701,0.02,-0.58,0.82,-0.18,-0.18,-1.4,-9.15,-5.85,32.41
44.403321266174316,0.01,-0.58,0.79,0.0,0.0,-1.46,-10.05,-7.5,31.21
44.4632682800293,0.01,-0.58,0.8,-0.06,-0.12,-1.46,-8.4,-6.3,30.61
44.52367377281189,0.01,-0.59,0.8,-0.06,-0.12,-1.46,-9.6,-5.7,30.91
44.58288264274597,0.01,-0.58,0.81,-0.12,-0.18,-1.46,-9.6,-6.0,31.96
44.64330530166626,0.0,-0.58,0.79,0.0,0.0,-1.52,-10.2,-6.6,31.06
44.70301270484924,0.02,-0.58,0.81,-0.12,-0.06,-1.46,-10.2,-5.85,31.66
44.76362156867981,0.01,-0.57,0.78,0.0,0.06,-1.4,-8.1,-5.85,31.06
44.82429051399231,0.01,-0.58,0.81,0.0,0.0,-1.46,-9.0,-6.0,33.01
44.883238792419434,0.01,-0.59,0.8,-0.06,-0.12,-1.52,-8.1,-7.65,32.71
44.943201541900635,0.01,-0.58,0.8,0.0,0.0,-1.4,-8.7,-7.65,31.66
45.00318932533264,0.01,-0.57,0.79,-0.06,-0.18,-1.46,-8.25,-6.0,31.96
45.06239032745361,0.02,-0.58,0.79,0.0,0.0,-1.4,-9.15,-6.3,31.66
45.122666358947754,0.01,-0.59,0.81,-0.12,-0.06,-1.46,-9.45,-8.1,31.66
45.1830313205719,0.01,-0.58,0.79,-0.12,-0.06,-1.46,-9.3,-7.2,32.56
45.24371886253357,0.01,-0.59,0.81,-0.12,-0.18,-1.46,-10.35,-6.75,32.26
45.302860736846924,0.01,-0.58,0.81,0.0,0.06,-1.4,-9.15,-6.3,32.11
45.36298894882202,0.02,-0.57,0.82,-0.12,-0.18,-1.46,-8.1,-6.9,32.11
45.42312693595886,0.02,-0.58,0.8,-0.06,-0.12,-1.4,-9.15,-6.3,33.16
45.48275446891785,0.02,-0.58,0.81,-0.06,-0.12,-1.46,-9.15,-6.3,32.11
45.543429374694824,0.01,-0.59,0.79,-0.12,-0.06,-1.4,-10.8,-8.25,30.46
45.60339713096619,0.01,-0.58,0.81,0.0,0.0,-1.52,-9.0,-6.0,31.96
45.66409087181091,0.01,-0.58,0.8,0.0,0.0,-1.46,-8.7,-6.9,33.16
45.723450660705566,0.01,-0.58,0.81,-0.06,-0.12,-1.4,-8.4,-6.9,31.66
45.7837347984314,0.02,-0.58,0.81,0.0,0.0,-1.34,-10.05,-7.2,30.91
45.84342956542969,0.02,-0.59,0.8,-0.06,-0.18,-1.4,-8.7,-5.85,31.66
45.90357208251953,0.01,-0.59,0.8,0.0,0.06,-1.34,-9.15,-6.9,30.61
45.9631028175354,0.02,-0.58,0.8,-0.06,-0.12,-1.52,-9.45,-5.1,32.41
46.022624492645264,0.01,-0.58,0.81,-0.12,-0.06,-1.46,-9.45,-5.85,31.06
46.08315825462341,0.01,-0.58,0.82,-0.06,-0.12,-1.52,-10.35,-6.75,31.51
46.14250469207764,0.02,-0.59,0.8,0.0,0.0,-1.46,-8.55,-6.0,31.96
46.20284914970398,0.02,-0.59,0.79,-0.06,-0.18,-1.59,-10.05,-6.75,30.91
46.26281499862671,0.01,-0.58,0.79,0.0,0.0,-1.34,-8.4,-5.1,31.66
46.32322025299072,0.02,-0.58,0.79,0.0,0.0,-1.52,-8.1,-6.3,32.11
46.38321566581726,0.01,-0.58,0.8,0.0,0.0,-1.4,-8.55,-5.7,32.26
46.44339036941528,0.01,-0.58,0.81,0.0,0.0,-1.46,-10.2,-7.35,31.06
46.50303816795349,0.01,-0.58,0.81,0.0,0.0,-1.4,-8.1,-6.3,31.36
46.56342649459839,0.02,-0.58,0.8,0.0,0.0,-1.46,-8.7,-5.55,31.36
46.62318134307861,0.02,-0.59,0.81,0.0,0.0,-1.4,-10.05,-5.7,32.56
46.6832001209259,0.01,-0.57,0.8,-0.12,-0.18,-1.46,-7.65,-5.55,31.06
46.74281597137451,0.01,-0.58,0.8,0.0,0.0,-1.52,-9.15,-6.6,31.06
46.802369356155396,0.01,-0.58,0.81,0.0,-0.12,-1.52,-10.65,-5.85,32.41
46.86280059814453,0.01,-0.58,0.8,0.0,0.0,-1.52,-9.9,-6.6,30.61
46.92227530479431,0.01,-0.59,0.81,0.0,0.0,-1.4,-9.9,-5.55,31.36
46.98277735710144,0.02,-0.58,0.81,-0.12,-0.24,-1.4,-10.05,-6.75,31.51
47.04253005981445,0.01,-0.58,0.79,0.0,0.0,-1.34,-8.55,-7.2,31.96
47.1036958694458,0.02,-0.58,0.81,-0.12,-0.06,-1.4,-9.0,-6.0,30.46
47.163461446762085,0.02,-0.58,0.81,-0.12,-0.06,-1.52,-9.6,-6.75,31.51
47.2231764793396,0.01,-0.58,0.79,-0.18,-0.06,-1.52,-7.65,-6.6,31.66
47.283175468444824,0.02,-0.58,0.81,-0.12,-0.06,-1.46,-9.9,-5.1,32.11
47.34300875663757,0.01,-0.59,0.8,-0.12,-0.18,-1.52,-9.0,-6.75,31.96
47.402453899383545,0.02,-0.58,0.81,0.0,0.0,-1.46,-9.6,-7.2,31.21
47.46289682388306,0.01,-0.58,0.81,0.0,0.0,-1.52,-9.45,-7.35,31.36
47.5222008228302,0.02,-0.59,0.79,0.0,0.0,-1.46,-8.4,-5.85,32.11
47.584208965301514,0.02,-0.59,0.82,-0.12,-0.06,-1.4,-9.6,-6.45,32.26
47.64250111579895,0.01,-0.58,0.8,-0.06,-0.12,-1.52,-10.05,-5.4,31.96
47.702102184295654,0.01,-0.58,0.8,0.0,0.0,-1.4,-10.2,-6.3,32.11
47.76275396347046,0.01,-0.58,0.8,0.0,0.06,-1.4,-10.05,-6.0,30.91
47.82349109649658,0.01,-0.58,0.81,-0.12,-0.06,-1.46,-9.6,-6.45,30.16
47.88330054283142,0.02,-0.58,0.81,0.0,0.0,-1.4,-9.9,-6.9,33.16
47.94295358657837,0.01,-0.59,0.82,0.0,0.0,-1.34,-8.4,-6.6,31.36
48.00250601768494,0.02,-0.58,0.81,-0.12,-0.06,-1.46,-9.15,-6.9,31.66
48.06234622001648,0.01,-0.58,0.81,-0.06,-0.12,-1.46,-9.6,-6.45,31.21
48.12371611595154,0.02,-0.58,0.81,0.0,0.0,-1.52,-9.6,-5.4,31.96
48.18194556236267,0.01,-0.58,0.8,0.0,0.0,-1.46,-8.7,-6.6,32.41
48.24277901649475,0.02,-0.59,0.8,-0.12,-0.18,-1.46,-9.3,-5.7,31.96
48.30270028114319,0.01,-0.58,0.8,0.0,0.0,-1.46,-8.25,-6.0,31.51
48.36320662498474,0.01,-0.57,0.8,-0.06,0.0,-1.46,-8.7,-5.85,31.66
48.42318105697632,0.01,-0.59,0.81,-0.06,-0.12,-1.46,-9.9,-7.35,30.31
48.48254704475403,0.02,-0.58,0.79,0.0,0.0,-1.46,-8.7,-5.85,32.11
48.54289126396179,0.01,-0.58,0.81,-0.06,-0.18,-1.46,-10.2,-5.85,32.11
48.60205006599426,0.01,-0.58,0.8,0.0,0.0,-1.46,-7.5,-6.0,30.91
48.66368103027344,0.0,-0.58,0.81,0.0,0.0,-1.46,-8.7,-5.55,30.31
48.72297930717468,0.01,-0.59,0.8,-0.12,-0.06,-1.34,-10.65,-5.85,31.66
48.783713817596436,0.01,-0.59,0.79,-0.06,-0.12,-1.46,-9.0,-6.75,31.21
48.8421106338501,0.02,-0.59,0.8,0.0,-0.18,-1.46,-9.3,-6.75,31.96
48.9019889831543,0.0,-0.58,0.8,0.0,0.0,-1.52,-8.4,-7.65,31.66
48.962040185928345,0.01,-0.58,0.79,0.0,0.0,-1.59,-9.15,-6.9,31.66
49.022260427474976,0.01,-0.59,0.81,0.0,0.0,-1.34,-8.55,-5.4,31.21
49.08236575126648,0.02,-0.57,0.79,-0.12,-0.06,-1.4,-10.95,-6.6,31.36
49.14283800125122,0.01,-0.59,0.81,-0.06,-0.12,-1.46,-9.15,-5.55,32.11
49.202701807022095,0.01,-0.58,0.82,0.0,0.0,-1.46,-9.15,-6.6,32.11
49.26239776611328,0.02,-0.58,0.82,0.06,0.0,-1.46,-8.7,-6.3,32.11
49.32256603240967,0.01,-0.59,0.81,0.0,0.12,-1.4,-9.15,-5.85,31.66
49.383455753326416,0.01,-0.58,0.8,-0.06,-0.12,-1.46,-9.3,-6.0,31.96
49.442343950271606,0.01,-0.58,0.8,0.06,0.0,-1.46,-9.45,-5.85,30.61
49.50225114822388,0.02,-0.58,0.82,-0.12,-0.18,-1.4,-8.55,-7.2,32.56
49.56318283081055,0.01,-0.58,0.81,-0.12,-0.06,-1.46,-9.0,-7.5,32.26
49.62405586242676,0.01,-0.58,0.79,0.0,0.0,-1.4,-9.0,-7.5,30.91
49.68237280845642,0.0,-0.58,0.81,0.0,0.0,-1.59,-9.0,-5.4,31.21
49.743213415145874,0.01,-0.58,0.8,-0.06,-0.12,-1.52,-10.05,-6.45,31.96
49.80301904678345,0.02,-0.58,0.81,-0.12,-0.06,-1.46,-8.55,-7.2,30.91
49.8620970249176,0.01,-0.58,0.79,-0.12,-0.06,-1.4,-9.9,-7.35,31.36
49.924031257629395,0.0,-0.59,0.8,0.06,0.0,-1.46,-9.0,-6.0,32.26
49.98270845413208,0.02,-0.58,0.8,-0.06,-0.12,-1.4,-9.3,-5.7,32.56
50.042447566986084,0.01,-0.58,0.81,0.0,0.0,-1.34,-8.25,-6.0,31.21
50.103142499923706,0.02,-0.59,0.78,-0.06,-0.12,-1.4,-9.6,-5.7,31.21
50.16296076774597,0.01,-0.58,0.81,0.0,0.0,-1.4,-9.6,-6.75,31.96
50.222718238830566,0.01,-0.58,0.81,-0.12,-0.06,-1.46,-9.9,-6.3,32.11
50.28231739997864,0.02,-0.58,0.8,-0.12,-0.24,-1.46,-8.55,-6.0,31.51
50.34300470352173,0.01,-0.58,0.79,0.06,0.0,-1.46,-8.7,-5.55,32.41
50.40294313430786,0.02,-0.59,0.8,-0.06,-0.12,-1.46,-8.7,-4.35,32.41
50.46285820007324,0.0,-0.59,0.81,0.0,0.0,-1.52,-9.0,-6.75,30.91
50.52157640457153,0.01,-0.57,0.8,0.12,0.0,-1.52,-7.65,-5.1,31.66
50.583285093307495,0.02,-0.57,0.79,0.0,0.0,-1.52,-8.7,-7.35,31.66
50.64224028587341,0.02,-0.57,0.82,-0.12,-0.06,-1.46,-9.3,-5.4,31.96
50.70199155807495,0.02,-0.59,0.8,0.0,0.0,-1.4,-9.9,-5.85,31.66
50.76342821121216,0.01,-0.59,0.81,0.06,0.0,-1.46,-8.55,-6.75,30.46
50.82260751724243,0.0,-0.59,0.8,-0.06,-0.12,-1.52,-9.9,-4.8,31.66
50.88282132148743,0.02,-0.58,0.81,-0.12,-0.06,-1.46,-9.45,-6.6,32.11
50.941922664642334,0.01,-0.59,0.8,-0.06,-0.18,-1.4,-9.45,-6.6,31.06
51.00148320198059,0.01,-0.58,0.81,0.0,0.0,-1.46,-8.55,-6.45,33.01
51.063334465026855,0.02,-0.58,0.79,0.0,0.06,-1.4,-8.25,-6.75,32.56
51.123231410980225,0.02,-0.58,0.82,-0.06,-0.18,-1.46,-9.6,-6.0,32.26
51.18178749084473,0.01,-0.59,0.79,0.0,0.06,-1.46,-10.05,-7.8,31.96
51.24159026145935,0.01,-0.58,0.8,0.0,0.0,-1.46,-9.6,-5.7,31.51
51.3021981716156,0.03,-0.58,0.81,0.0,0.0,-1.46,-9.45,-6.9,31.66
51.3619282245636,0.01,-0.59,0.81,-0.06,-0.12,-1.4,-9.0,-6.45,31.21
51.42153263092041,0.02,-0.58,0.81,0.0,0.0,-1.4,-8.7,-6.3,31.36
51.481430768966675,0.02,-0.59,0.81,0.0,0.0,-1.46,-8.55,-6.0,31.96
51.54232597351074,0.01,-0.58,0.79,0.0,0.0,-1.46,-9.45,-6.6,32.11
51.60230851173401,0.02,-0.58,0.79,-0.06,-0.12,-1.46,-10.65,-6.6,31.66
51.662519454956055,0.01,-0.58,0.81,0.0,0.0,-1.46,-10.35,-6.0,31.21
51.72198176383972,0.02,-0.59,0.8,-0.12,-0.06,-1.46,-9.3,-7.2,31.96
51.782270669937134,0.02,-0.58,0.79,0.06,0.0,-1.52,-10.05,-5.4,32.56
51.84363412857056,0.02,-0.58,0.81,-0.12,-0.18,-1.52,-8.7,-5.85,30.61
51.90144324302673,0.02,-0.58,0.8,0.0,0.0,-1.4,-10.05,-6.45,32.56
51.96286225318909,0.01,-0.58,0.79,-0.12,-0.06,-1.46,-9.3,-6.45,31.51
52.021533250808716,0.01,-0.6,0.8,0.0,0.0,-1.46,-9.6,-6.0,31.21
52.082558155059814,0.01,-0.58,0.8,-0.06,-0.18,-1.28,-9.6,-7.2,30.46
52.14171051979065,0.01,-0.58,0.81,0.0,0.0,-1.52,-9.9,-6.6,30.31
52.20183777809143,0.01,-0.58,0.79,-0.06,-0.12,-1.52,-9.15,-5.55,32.11
52.264748334884644,0.01,-0.58,0.81,-0.06,-0.12,-1.52,-9.45,-5.85,33.46
52.32219338417053,0.01,-0.58,0.81,0.0,0.0,-1.52,-10.35,-6.45,31.96
52.38185501098633,0.01,-0.59,0.8,-0.12,-0.06,-1.52,-10.35,-7.8,32.26
52.44226408004761,0.02,-0.58,0.81,0.0,0.0,-1.52,-9.6,-5.7,32.26
52.50158429145813,0.01,-0.59,0.8,-0.12,-0.06,-1.46,-9.15,-5.85,32.71
52.56180930137634,0.02,-0.58,0.8,-0.06,-0.12,-1.52,-8.25,-7.2,31.51
52.62175488471985,0.01,-0.59,0.8,0.0,0.0,-1.4,-9.0,-5.7,31.21
52.68146300315857,0.01,-0.58,0.8,0.0,0.0,-1.4,-8.4,-6.6,31.36
52.74214172363281,0.01,-0.59,0.8,0.0,0.0,-1.4,-10.35,-6.0,32.26
52.801875591278076,0.02,-0.57,0.82,-0.06,-0.18,-1.4,-10.65,-5.85,32.11
52.86218452453613,0.01,-0.58,0.81,0.0,0.0,-1.4,-8.25,-7.5,31.96
52.92182922363281,0.01,-0.58,0.81,-0.12,-0.18,-1.52,-10.05,-6.0,31.96
52.9819712638855,0.01,-0.58,0.8,-0.12,-0.06,-1.46,-10.2,-5.55,32.71
53.04139494895935,0.01,-0.59,0.81,0.0,0.0,-1.46,-8.55,-7.5,32.56
53.102219581604004,0.01,-0.59,0.78,0.0,0.0,-1.4,-9.45,-7.35,31.66
53.161691665649414,0.01,-0.59,0.81,0.0,0.0,-1.52,-9.9,-6.3,31.36
53.221744537353516,0.01,-0.58,0.81,0.0,0.0,-1.52,-9.15,-5.1,31.66
53.28201174736023,0.03,-0.58,0.8,0.0,0.0,-1.4,-9.3,-6.75,31.51
53.34144043922424,0.02,-0.59,0.81,0.0,0.0,-1.46,-9.9,-5.85,32.11
53.40214276313782,0.01,-0.59,0.8,-0.06,-0.12,-1.4,-9.9,-5.1,31.66
53.46146535873413,0.01,-0.58,0.8,-0.12,-0.18,-1.4,-9.3,-6.75,30.91
53.5219886302948,0.01,-0.58,0.81,0.0,0.0,-1.52,-9.15,-6.6,31.66
53.582194328308105,0.01,-0.59,0.8,-0.06,-0.12,-1.59,-10.65,-6.3,31.06
53.64199376106262,0.01,-0.57,0.81,-0.12,-0.06,-1.46,-8.25,-6.75,31.51
53.70133590698242,0.01,-0.58,0.81,-0.06,0.0,-1.46,-8.7,-5.55,31.66
53.762588024139404,0.01,-0.58,0.81,-0.12,-0.06,-1.46,-9.15,-6.6,32.71
53.821632385253906,0.01,-0.57,0.81,-0.12,-0.06,-1.46,-9.45,-5.85,33.16
53.88371253013611,0.01,-0.57,0.81,0.0,0.0,-1.46,-8.7,-5.1,31.36
53.94249391555786,0.01,-0.58,0.8,-0.06,-0.18,-1.52,-9.15,-6.6,32.11
54.001863956451416,0.01,-0.58,0.81,0.0,0.0,-1.46,-10.2,-6.6,32.41
54.06126356124878,0.0,-0.59,0.8,0.0,0.06,-1.34,-7.35,-5.85,32.71
54.12305045127869,0.02,-0.58,0.8,-0.06,-0.12,-1.4,-9.0,-6.45,31.96
54.181408643722534,0.01,-0.57,0.8,0.0,0.0,-1.46,-9.6,-7.2,32.26
54.241838693618774,0.01,-0.59,0.81,-0.06,-0.12,-1.4,-8.55,-6.45,30.91
54.30139636993408,0.01,-0.58,0.81,0.0,0.0,-1.46,-8.55,-7.2,31.51
54.36195778846741,0.01,-0.58,0.8,0.0,0.06,-1.34,-8.7,-7.35,31.66
54.42196249961853,0.02,-0.58,0.8,-0.12,-0.06,-1.46,-8.1,-5.85,30.61
54.48163557052612,0.01,-0.6,0.8,-0.18,-0.06,-1.52,-10.35,-5.4,33.31
54.541109561920166,0.0,-0.57,0.8,0.0,0.0,-1.46,-9.45,-5.85,32.11
54.60144329071045,0.02,-0.59,0.8,-0.12,-0.06,-1.4,-8.55,-7.2,31.96
54.66205191612244,0.01,-0.59,0.79,-0.12,-0.06,-1.4,-10.05,-6.75,31.21
54.72182321548462,0.02,-0.59,0.8,0.06,0.06,-1.46,-9.15,-5.85,31.66
54.78159689903259,0.01,-0.59,0.81,-0.12,-0.06,-1.52,-8.7,-5.85,32.41
54.84190106391907,-0.0,-0.58,0.81,-0.12,-0.18,-1.52,-10.2,-5.85,32.11
54.90153646469116,0.01,-0.58,0.79,-0.12,-0.24,-1.46,-9.3,-6.45,31.51
54.96153807640076,0.01,-0.58,0.8,-0.12,-0.06,-1.52,-9.15,-6.3,32.41
55.02237677574158,0.01,-0.58,0.8,-0.12,-0.18,-1.46,-9.45,-5.85,31.36
55.08170247077942,0.01,-0.59,0.8,0.0,0.0,-1.46,-9.0,-7.2,32.26
55.14283084869385,0.01,-0.58,0.78,-0.06,-0.18,-1.4,-9.45,-6.3,32.11
55.20135545730591,0.01,-0.59,0.79,0.0,0.0,-1.46,-10.65,-6.6,30.61
55.26148796081543,0.0,-0.58,0.81,-0.12,-0.18,-1.46,-9.6,-6.75,30.91
55.322118520736694,0.01,-0.58,0.81,-0.12,-0.06,-1.46,-9.6,-6.0,33.31
55.38178038597107,0.01,-0.59,0.82,0.06,0.0,-1.59,-10.35,-6.45,31.51
55.442012310028076,0.01,-0.58,0.8,-0.12,-0.18,-1.4,-10.05,-7.2,31.96
55.501431703567505,0.01,-0.58,0.79,-0.18,-0.18,-1.46,-10.8,-6.45,31.51
55.562053203582764,0.01,-0.59,0.8,-0.12,0.0,-1.46,-9.15,-5.85,31.36
55.62223291397095,0.02,-0.58,0.8,-0.18,-0.06,-1.46,-8.7,-5.55,32.41
55.68322014808655,0.02,-0.58,0.79,-0.06,-0.18,-1.46,-9.15,-6.9,32.41
55.742189168930054,0.01,-0.58,0.79,-0.12,-0.18,-1.46,-8.4,-6.9,31.06
55.801472663879395,0.01,-0.58,0.8,0.06,0.0,-1.46,-8.4,-6.9,31.66
55.86195635795593,0.01,-0.58,0.8,-0.06,-0.12,-1.46,-8.55,-4.2,32.26
55.92211198806763,0.01,-0.58,0.8,-0.06,-0.12,-1.52,-8.7,-6.6,32.41
55.98147392272949,0.02,-0.58,0.78,-0.12,-0.18,-1.52,-9.0,-7.5,30.91
56.041592836380005,0.01,-0.58,0.8,-0.12,-0.24,-1.46,-9.6,-6.75,31.21
56.102210998535156,0.01,-0.59,0.8,-0.06,-0.12,-1.4,-9.45,-6.6,31.06
56.161736488342285,0.01,-0.58,0.8,-0.12,-0.06,-1.46,-9.3,-6.45,31.21
56.2210750579834,0.01,-0.59,0.8,0.0,0.0,-1.52,-9.3,-5.7,32.56
56.28130269050598,0.01,-0.57,0.8,0.0,0.0,-1.52,-9.45,-6.3,32.41
56.340786933898926,0.01,-0.58,0.79,0.0,0.0,-1.46,-9.15,-6.9,32.11
56.40136647224426,0.01,-0.58,0.8,-0.12,-0.06,-1.46,-9.0,-6.0,31.21
56.46118974685669,0.01,-0.58,0.81,-0.18,-0.06,-1.52,-8.7,-5.55,31.66
56.52176523208618,0.01,-0.59,0.79,-0.12,-0.06,-1.46,-9.6,-5.4,31.51
56.581270933151245,0.01,-0.58,0.79,0.0,0.0,-1.52,-8.55,-6.45,32.56
56.64137148857117,0.01,-0.59,0.8,0.0,0.0,-1.4,-9.0,-6.0,32.26
56.70175766944885,0.02,-0.59,0.79,-0.18,-0.06,-1.52,-9.15,-5.85,31.66
56.76085305213928,0.02,-0.59,0.8,0.0,0.0,-1.46,-7.8,-6.0,31.51
56.82144856452942,0.02,-0.58,0.8,-0.06,-0.18,-1.46,-9.9,-7.35,31.66
56.881680488586426,0.01,-0.58,0.8,0.0,0.0,-1.46,-9.6,-6.45,31.51
56.94259834289551,0.01,-0.59,0.8,0.0,0.0,-1.46,-11.25,-6.3,31.66
57.001497745513916,0.01,-0.58,0.81,-0.18,-0.06,-1.52,-9.15,-6.6,32.71
57.06203508377075,0.01,-0.57,0.8,0.0,0.0,-1.46,-9.15,-5.85,31.66
57.121092081069946,0.01,-0.59,0.8,-0.18,-0.24,-1.4,-9.15,-7.35,31.66
57.18132925033569,0.01,-0.58,0.81,0.0,0.06,-1.52,-9.0,-5.7,32.26
57.24163103103638,0.02,-0.58,0.8,0.0,0.06,-1.4,-8.1,-6.6,32.41
57.30149793624878,0.01,-0.57,0.8,-0.06,0.0,-1.52,-11.1,-6.0,31.51
57.361093282699585,0.01,-0.58,0.8,-0.06,-0.12,-1.4,-9.3,-7.5,30.91
57.421565771102905,0.02,-0.58,0.79,0.06,0.0,-1.4,-10.8,-6.0,31.96
57.48109006881714,0.01,-0.58,0.8,0.06,0.06,-1.46,-8.4,-7.35,31.06
57.541362047195435,0.0,-0.58,0.83,-0.06,-0.12,-1.46,-9.45,-7.35,32.11
57.60132884979248,0.0,-0.58,0.79,0.0,0.0,-1.52,-8.7,-7.35,31.66
57.66125535964966,0.01,-0.58,0.8,0.0,0.0,-1.4,-9.0,-4.95,30.46
57.721659421920776,0.01,-0.58,0.78,-0.06,-0.12,-1.52,-9.6,-5.7,31.51
57.78131151199341,0.01,-0.59,0.8,-0.12,-0.24,-1.46,-9.3,-5.4,31.51
57.84098839759827,0.01,-0.58,0.8,0.0,0.0,-1.46,-9.3,-6.75,31.96
57.90141153335571,0.01,-0.58,0.81,0.0,0.0,-1.52,-10.8,-5.7,32.26
57.960870027542114,0.01,-0.58,0.8,-0.12,-0.06,-1.46,-9.0,-7.2,33.01
58.02145600318909,0.02,-0.59,0.81,0.0,0.0,-1.4,-8.4,-5.85,30.01
58.08057641983032,0.01,-0.59,0.8,0.0,0.0,-1.46,-9.0,-6.0,31.96
58.14240550994873,0.01,-0.58,0.78,-0.12,-0.06,-1.4,-9.9,-5.85,32.11
58.200531005859375,0.01,-0.58,0.8,0.0,0.0,-1.46,-9.3,-6.0,31.96
58.26139783859253,0.01,-0.58,0.79,-0.12,-0.18,-1.59,-9.15,-5.55,30.01
58.320449352264404,0.01,-0.59,0.8,0.0,0.0,-1.46,-8.1,-6.3,30.61
58.38052678108215,0.01,-0.58,0.8,-0.06,0.0,-1.4,-9.15,-6.3,32.11
58.44105577468872,0.01,-0.58,0.8,-0.06,-0.12,-1.46,-10.2,-6.6,33.16
58.50123119354248,0.01,-0.58,0.8,0.0,0.0,-1.4,-10.35,-7.2,31.96
58.561391830444336,0.01,-0.58,0.8,0.0,0.0,-1.46,-9.45,-6.3,32.11
58.62064456939697,0.0,-0.58,0.8,0.0,0.0,-1.52,-9.3,-6.75,31.21
58.68111753463745,0.01,-0.58,0.8,0.0,0.0,-1.46,-8.4,-6.6,32.11
58.740920066833496,0.01,-0.57,0.79,-0.12,-0.18,-1.52,-7.5,-6.45,31.21
58.80158758163452,0.02,-0.59,0.81,-0.12,-0.06,-1.46,-10.65,-6.3,31.36
58.86176252365112,0.02,-0.58,0.81,-0.06,-0.12,-1.46,-8.7,-7.65,33.46
58.921369314193726,0.01,-0.58,0.79,0.0,0.0,-1.46,-10.05,-7.2,31.21
58.98147392272949,0.02,-0.59,0.8,0.0,-0.18,-1.52,-8.7,-5.1,32.11
59.04154419898987,0.02,-0.58,0.79,-0.06,-0.3,-1.52,-9.6,-5.7,31.51
59.10100197792053,0.0,-0.58,0.79,0.0,0.0,-1.46,-8.4,-5.85,32.71
59.16133236885071,0.01,-0.58,0.8,0.0,0.0,-1.46,-9.3,-6.75,32.26
59.22117066383362,0.01,-0.58,0.8,-0.12,-0.18,-1.65,-9.15,-4.35,31.66
59.28082060813904,0.01,-0.58,0.8,-0.06,-0.12,-1.4,-9.0,-6.75,31.51
59.340625524520874,0.01,-0.59,0.8,0.0,0.0,-1.52,-9.6,-6.75,32.26
59.40066647529602,0.01,-0.59,0.79,-0.12,-0.06,-1.46,-9.6,-6.75,31.51
59.461265087127686,0.02,-0.58,0.8,0.0,0.0,-1.4,-8.7,-6.3,32.11
59.52120852470398,0.02,-0.58,0.8,0.0,0.0,-1.4,-8.4,-6.6,31.66
59.58144950866699,0.01,-0.58,0.79,-0.12,-0.18,-1.46,-11.25,-6.6,31.66
59.6408166885376,0.01,-0.58,0.82,0.0,0.12,-1.52,-9.45,-5.85,31.36
59.700677156448364,0.01,-0.58,0.81,0.0,0.0,-1.52,-10.2,-6.3,31.06
59.761300802230835,0.01,-0.58,0.81,0.0,0.0,-1.52,-8.55,-6.45,33.31
59.82088875770569,0.02,-0.58,0.79,0.0,0.0,-1.46,-10.65,-5.1,32.11
59.880486249923706,0.01,-0.58,0.81,0.0,0.0,-1.46,-9.6,-6.75,31.96
59.942391872406006,0.01,-0.58,0.79,-0.18,-0.06,-1.4,-9.0,-6.45,30.91
60.001240730285645,0.01,-0.58,0.82,0.0,0.0,-1.59,-8.7,-7.35,30.01
60.06032037734985,0.02,-0.59,0.79,0.0,0.0,-1.46,-9.0,-8.25,31.96
60.12094807624817,0.02,-0.58,0.8,-0.12,-0.06,-1.46,-8.55,-6.45,31.51
60.180835485458374,0.01,-0.59,0.81,-0.12,-0.06,-1.52,-10.05,-6.45,31.21
60.240920543670654,0.01,-0.58,0.79,-0.06,-0.12,-1.4,-8.4,-6.9,32.71
60.30118179321289,0.02,-0.58,0.79,0.0,0.0,-1.46,-8.55,-6.0,30.46
60.360960245132446,0.01,-0.58,0.8,0.0,0.0,-1.52,-9.3,-7.2,32.56
60.42054533958435,0.01,-0.58,0.8,-0.06,-0.12,-1.46,-10.35,-5.7,30.91
60.480862855911255,0.01,-0.58,0.8,-0.12,-0.18,-1.46,-9.45,-5.55,31.66
60.54091215133667,0.0,-0.59,0.81,-0.18,-0.18,-1.46,-8.7,-4.35,31.66
60.60052537918091,0.01,-0.59,0.79,0.0,0.0,-1.46,-8.7,-6.9,32.41
60.660686016082764,0.0,-0.58,0.79,-0.12,-0.24,-1.46,-10.05,-6.45,33.01
60.72120809555054,0.01,-0.58,0.81,-0.06,0.0,-1.46,-9.6,-6.45,31.51
60.780609369277954,0.02,-0.58,0.81,-0.12,-0.06,-1.4,-9.15,-6.3,32.11
60.840847969055176,0.02,-0.58,0.81,-0.12,-0.18,-1.4,-10.2,-6.9,32.11
60.900386333465576,0.02,-0.59,0.81,-0.12,-0.06,-1.4,-8.55,-6.45,30.91
60.962533473968506,0.02,-0.58,0.8,0.0,0.0,-1.4,-10.35,-6.75,30.91
61.020529985427856,0.0,-0.58,0.81,-0.06,-0.12,-1.46,-10.05,-7.5,31.96
61.08080720901489,0.02,-0.59,0.8,-0.12,-0.24,-1.52,-9.45,-6.6,32.41
61.141722202301025,0.01,-0.58,0.8,-0.12,-0.18,-1.46,-9.45,-7.35,32.11
61.20093512535095,0.01,-0.59,0.79,0.0,0.0,-1.4,-8.7,-6.3,32.11
61.26077175140381,0.01,-0.59,0.81,-0.18,-0.18,-1.46,-9.15,-5.85,32.71
61.32026720046997,0.01,-0.58,0.81,0.0,0.0,-1.34,-10.2,-5.55,32.71
61.38036918640137,0.01,-0.58,0.8,0.0,0.0,-1.52,-9.45,-5.1,32.11
61.44022512435913,0.01,-0.59,0.8,-0.06,-0.18,-1.4,-9.6,-6.0,31.21
61.50108361244202,0.01,-0.58,0.81,0.0,0.0,-1.46,-9.0,-6.45,29.86
61.56067109107971,0.02,-0.58,0.8,0.0,0.0,-1.46,-9.15,-6.6,31.36
61.62076139450073,0.01,-0.59,0.79,-0.18,-0.06,-1.34,-9.0,-6.45,31.96
61.68008518218994,0.01,-0.57,0.8,0.0,0.0,-1.34,-9.9,-6.9,30.61
61.74089813232422,0.0,-0.58,0.81,-0.12,-0.18,-1.46,-9.0,-6.0,33.01
61.80092477798462,0.01,-0.58,0.81,0.0,0.0,-1.46,-9.6,-6.45,31.96
61.860753536224365,0.02,-0.58,0.79,0.0,0.0,-1.46,-9.0,-6.75,30.91
61.920506954193115,0.02,-0.58,0.82,-0.06,-0.12,-1.46,-9.3,-7.2,31.21
61.981178760528564,0.01,-0.59,0.8,-0.18,-0.18,-1.46,-9.15,-5.85,31.36
62.040329456329346,0.01,-0.58,0.8,-0.12,0.0,-1.52,-9.3,-6.45,32.26
62.10001301765442,0.01,-0.58,0.78,0.0,0.0,-1.46,-8.55,-6.75,32.26
62.16043448448181,0.02,-0.58,0.8,0.0,0.0,-1.4,-9.9,-5.85,32.41
62.22069501876831,0.02,-0.59,0.8,-0.06,-0.18,-1.46,-10.2,-6.6,31.66
62.28010320663452,0.01,-0.58,0.8,0.0,0.0,-1.46,-9.3,-7.2,31.21
62.340832233428955,0.0,-0.58,0.81,-0.12,-0.06,-1.4,-9.15,-8.4,33.16
62.40072584152222,0.01,-0.58,0.79,-0.06,-0.12,-1.46,-10.05,-5.4,31.21
62.46035718917847,0.01,-0.58,0.81,-0.18,-0.06,-1.28,-9.3,-6.75,31.21
62.520137548446655,0.01,-0.58,0.81,-0.06,-0.18,-1.46,-8.7,-7.35,31.36
62.58108353614807,0.01,-0.59,0.8,-0.12,-0.18,-1.4,-7.35,-6.9,31.36
62.64034056663513,0.01,-0.58,0.79,0.0,-0.18,-1.46,-9.15,-5.55,31.06
62.69983434677124,0.02,-0.59,0.8,0.0,0.0,-1.46,-9.15,-6.6,32.41
62.76038646697998,0.01,-0.58,0.79,-0.18,-0.18,-1.34,-9.9,-6.6,31.36
62.81991744041443,0.01,-0.58,0.8,0.0,0.0,-1.46,-10.95,-8.1,31.06
62.880422830581665,0.01,-0.58,0.81,0.0,0.0,-1.4,-8.25,-7.5,32.56
62.941033601760864,0.01,-0.59,0.79,0.0,0.0,-1.46,-10.05,-6.45,31.96
63.00031328201294,0.01,-0.59,0.79,-0.06,-0.18,-1.46,-9.9,-6.6,31.36
63.06011939048767,0.01,-0.58,0.81,-0.12,-0.06,-1.46,-9.45,-6.6,31.66
63.11989665031433,0.01,-0.59,0.8,0.0,0.0,-1.52,-9.45,-6.3,31.66
63.18018865585327,0.01,-0.58,0.8,-0.12,-0.06,-1.46,-8.4,-6.3,30.61
63.240291595458984,0.01,-0.58,0.8,-0.12,-0.06,-1.52,-9.3,-7.2,30.91
63.30072498321533,0.02,-0.58,0.81,0.0,0.0,-1.59,-7.8,-5.4,32.26
63.360243797302246,0.02,-0.58,0.8,0.06,0.0,-1.4,-10.05,-7.8,32.26
63.42016911506653,0.01,-0.58,0.81,-0.12,-0.06,-1.46,-9.45,-5.85,31.36
63.48018741607666,0.02,-0.58,0.81,0.0,0.0,-1.46,-9.15,-6.3,31.66
63.54160261154175,0.02,-0.58,0.82,-0.12,-0.06,-1.4,-10.05,-6.0,31.96
63.60009765625,0.01,-0.58,0.79,-0.06,-0.12,-1.4,-10.8,-6.75,33.01
63.66176199913025,0.02,-0.58,0.81,-0.06,-0.12,-1.46,-10.05,-6.0,30.91
63.7202525138855,0.02,-0.58,0.8,0.0,0.0,-1.46,-9.6,-6.45,31.96
63.78004789352417,0.01,-0.58,0.8,-0.12,-0.06,-1.52,-9.45,-5.55,32.11
63.84095644950867,0.01,-0.58,0.8,-0.12,-0.18,-1.46,-9.45,-5.1,31.36
63.9002640247345,0.01,-0.58,0.81,-0.24,-0.06,-1.46,-9.45,-6.9,31.66
63.9596381187439,0.01,-0.58,0.8,0.0,0.0,-1.46,-8.25,-7.5,31.96
64.01984357833862,0.01,-0.58,0.8,0.0,-0.18,-1.46,-8.55,-4.95,32.26
64.0809497833252,0.01,-0.58,0.81,-0.06,-0.12,-1.4,-9.6,-5.4,33.01
64.14007806777954,0.0,-0.59,0.78,-0.06,-0.12,-1.46,-9.3,-6.75,30.46
64.2005386352539,0.02,-0.58,0.81,0.0,0.0,-1.52,-9.45,-6.3,31.06
64.26005172729492,0.01,-0.58,0.82,0.0,0.0,-1.46,-8.1,-6.3,32.41
64.32027196884155,0.01,-0.58,0.79,0.0,0.0,-1.46,-9.6,-6.0,33.01
64.38111710548401,0.02,-0.58,0.79,0.0,0.0,-1.4,-9.3,-6.0,32.26
64.44000101089478,0.02,-0.59,0.8,0.0,0.0,-1.46,-9.45,-6.3,32.71
64.50116682052612,0.02,-0.58,0.79,-0.06,-0.12,-1.52,-9.6,-5.4,31.51
64.56006383895874,0.01,-0.59,0.81,-0.12,-0.06,-1.4,-8.7,-7.35,30.01
64.62018871307373,0.01,-0.58,0.81,-0.12,-0.06,-1.46,-8.55,-4.95,31.96
64.680734872818,0.02,-0.58,0.81,-0.06,-0.12,-1.46,-9.3,-6.0,30.91
64.74145412445068,0.02,-0.58,0.81,0.06,0.0,-1.46,-8.55,-6.0,32.26
64.8002393245697,0.01,-0.58,0.8,-0.06,-0.12,-1.4,-9.15,-6.6,32.11
64.86043405532837,0.01,-0.58,0.8,0.0,0.06,-1.46,-7.8,-5.7,31.21
64.92021417617798,0.01,-0.58,0.8,0.0,0.0,-1.46,-9.45,-5.55,30.61
64.98002576828003,0.0,-0.59,0.81,-0.12,-0.06,-1.52,-8.7,-6.9,31.36
65.04037165641785,0.02,-0.58,0.8,-0.06,-0.12,-1.46,-8.1,-6.3,31.36
65.10031199455261,0.01,-0.58,0.79,-0.06,-0.12,-1.4,-8.55,-7.5,31.21
65.16011714935303,0.02,-0.59,0.83,-0.12,-0.18,-1.4,-9.15,-5.1,31.36
65.21969294548035,0.02,-0.58,0.79,-0.06,0.0,-1.52,-9.3,-6.75,31.51
65.28091621398926,0.01,-0.59,0.8,-0.12,-0.18,-1.4,-9.15,-5.85,31.36
65.34003901481628,0.0,-0.58,0.81,0.0,0.0,-1.4,-9.45,-5.55,31.66
65.40047359466553,0.02,-0.58,0.81,0.0,0.0,-1.59,-9.6,-5.7,32.56
65.46043562889099,0.02,-0.58,0.8,0.06,0.0,-1.4,-9.6,-6.45,31.51
65.52014136314392,0.02,-0.59,0.79,-0.06,-0.18,-1.59,-10.05,-7.2,31.96
65.57989597320557,0.02,-0.58,0.79,0.0,0.0,-1.4,-9.3,-6.75,32.56
65.63954615592957,0.02,-0.58,0.8,0.0,0.0,-1.34,-9.0,-4.95,31.51
65.69998073577881,0.01,-0.58,0.81,0.0,0.0,-1.4,-8.7,-5.55,31.36
65.75991559028625,0.01,-0.58,0.81,0.06,0.0,-1.59,-9.9,-4.8,32.41
65.82018518447876,0.01,-0.59,0.81,0.0,0.0,-1.46,-8.55,-6.45,31.96
65.88011574745178,0.01,-0.58,0.8,0.0,0.0,-1.52,-8.1,-5.85,31.36
65.93942332267761,0.02,-0.59,0.8,0.0,0.0,-1.46,-7.65,-6.3,33.46
65.99963998794556,0.01,-0.58,0.8,0.06,0.0,-1.46,-8.25,-6.75,30.91
66.06010222434998,0.01,-0.59,0.8,-0.12,-0.06,-1.46,-8.7,-6.6,30.01
66.12000608444214,0.01,-0.58,0.8,-0.12,-0.18,-1.46,-9.3,-6.45,31.96
66.17996597290039,0.01,-0.58,0.8,-0.06,-0.12,-1.46,-11.1,-6.75,32.26
66.23990678787231,0.01,-0.59,0.81,0.0,0.06,-1.4,-9.6,-5.7,33.31
66.29978442192078,0.01,-0.58,0.79,-0.12,-0.24,-1.46,-9.45,-6.9,32.11
66.35943412780762,0.01,-0.57,0.8,0.06,0.06,-1.4,-9.15,-5.85,30.61
66.421231508255,0.01,-0.58,0.8,-0.18,-0.18,-1.52,-9.3,-6.45,31.21
66.48005938529968,0.02,-0.58,0.8,0.0,0.06,-1.4,-8.25,-6.0,33.31
66.54123091697693,0.01,-0.58,0.81,-0.06,-0.12,-1.46,-10.65,-6.6,32.71
66.59999656677246,0.02,-0.58,0.81,-0.06,-0.12,-1.46,-9.9,-7.35,32.11
66.66066360473633,0.02,-0.58,0.81,0.0,-0.12,-1.46,-8.25,-5.4,30.91
66.72048902511597,0.01,-0.59,0.79,-0.06,0.0,-1.52,-9.45,-6.3,31.06
66.77963018417358,0.02,-0.59,0.8,0.0,0.0,-1.4,-10.65,-5.55,32.41
66.84124159812927,0.02,-0.58,0.8,-0.12,-0.06,-1.52,-8.4,-5.1,32.11
66.89911675453186,0.02,-0.59,0.8,0.0,0.0,-1.4,-9.6,-4.2,31.51
66.95975255966187,0.02,-0.58,0.79,-0.18,-0.06,-1.52,-9.3,-8.25,31.51
67.02019882202148,0.02,-0.58,0.81,0.0,0.0,-1.4,-8.4,-6.6,32.11
67.08019089698792,0.01,-0.59,0.8,0.0,0.0,-1.52,-9.45,-7.35,32.41
67.13928604125977,0.01,-0.58,0.81,0.0,0.0,-1.46,-9.45,-7.35,30.31
67.19998669624329,0.01,-0.58,0.79,0.0,0.0,-1.4,-9.45,-5.55,32.11
67.25929164886475,0.02,-0.58,0.8,0.0,0.0,-1.46,-10.65,-6.6,32.41
67.3198139667511,0.01,-0.58,0.8,0.0,0.0,-1.46,-9.45,-5.55,31.36
67.38000726699829,0.01,-0.58,0.8,-0.12,-0.06,-1.46,-7.5,-6.75,31.51
67.43989109992981,0.01,-0.59,0.79,0.0,0.0,-1.46,-9.0,-4.95,31.96
67.50003051757812,0.01,-0.58,0.79,0.0,0.0,-1.52,-9.3,-6.0,32.26
67.56037163734436,0.02,-0.58,0.81,-0.12,-0.06,-1.52,-8.4,-6.6,32.41
67.62107706069946,0.01,-0.58,0.79,0.0,0.0,-1.52,-8.55,-6.0,32.56
67.67929911613464,0.02,-0.59,0.8,0.0,0.0,-1.4,-8.7,-6.3,31.06
67.73941159248352,0.01,-0.58,0.79,-0.12,-0.06,-1.4,-9.45,-6.6,32.41
67.79944062232971,0.01,-0.59,0.8,-0.12,-0.06,-1.46,-8.55,-5.7,32.56
67.8599226474762,0.01,-0.58,0.8,-0.06,-0.12,-1.4,-10.05,-5.7,31.51
67.92086362838745,0.02,-0.59,0.79,-0.12,-0.06,-1.4,-10.8,-6.0,31.21
67.98019361495972,0.01,-0.58,0.81,-0.12,-0.06,-1.34,-8.4,-5.55,30.61
68.04006314277649,0.01,-0.58,0.79,0.0,0.0,-1.52,-9.9,-5.1,31.06
68.10003089904785,0.02,-0.59,0.8,0.0,0.0,-1.46,-9.15,-8.1,32.41
68.15993571281433,0.01,-0.59,0.81,0.0,0.0,-1.46,-10.05,-6.45,31.51
68.22011637687683,0.01,-0.58,0.8,0.0,0.06,-1.4,-9.0,-6.45,31.96
68.27923560142517,0.01,-0.59,0.8,0.0,0.0,-1.4,-10.2,-5.55,31.36
68.3398540019989,0.01,-0.58,0.79,0.0,0.0,-1.52,-10.05,-6.75,32.56
68.39950489997864,0.01,-0.58,0.82,0.0,0.0,-1.4,-8.55,-6.45,31.96
68.46059465408325,0.01,-0.59,0.81,0.0,0.0,-1.46,-9.3,-6.0,31.96
68.51962184906006,0.01,-0.57,0.8,-0.12,-0.18,-1.46,-10.35,-7.2,31.51
68.57985353469849,0.02,-0.59,0.8,-0.12,-0.06,-1.46,-9.6,-8.25,31.96
68.63947582244873,0.01,-0.59,0.81,0.0,0.0,-1.46,-7.65,-6.3,33.16
68.69964933395386,0.02,-0.58,0.8,0.0,0.0,-1.4,-6.45,-5.7,31.96
68.76072931289673,0.01,-0.58,0.79,0.0,0.0,-1.52,-8.7,-7.35,32.11
68.81894302368164,0.02,-0.58,0.8,0.0,0.0,-1.46,-8.7,-5.1,31.66
68.88131594657898,0.01,-0.59,0.79,-0.12,-0.06,-1.4,-9.6,-6.45,32.26
68.93911838531494,0.01,-0.58,0.81,-0.12,-0.06,-1.4,-8.7,-6.9,33.46
68.99994134902954,0.01,-0.59,0.81,0.0,0.0,-1.52,-9.3,-6.0,31.21
69.05940318107605,0.01,-0.59,0.79,0.0,0.0,-1.4,-8.1,-6.3,31.36
69.11963748931885,0.01,-0.58,0.8,-0.12,-0.06,-1.52,-9.0,-6.75,32.26
69.18017196655273,0.02,-0.58,0.81,-0.06,-0.12,-1.52,-8.1,-5.55,31.66
69.23930072784424,0.01,-0.59,0.8,-0.06,-0.12,-1.4,-9.15,-7.35,31.06
69.29978084564209,0.01,-0.58,0.8,-0.06,-0.18,-1.59,-9.9,-6.3,31.06
69.35896754264832,0.01,-0.58,0.8,0.0,0.0,-1.46,-10.05,-7.2,31.96
69.4207694530487,0.01,-0.58,0.8,-0.06,-0.12,-1.46,-8.7,-6.9,31.66
69.47959423065186,0.02,-0.58,0.81,-0.06,0.0,-1.52,-9.3,-5.7,31.51
69.53931188583374,0.02,-0.59,0.79,0.0,0.0,-1.4,-8.25,-6.75,30.91
69.5997211933136,0.02,-0.58,0.81,0.0,0.0,-1.46,-9.0,-4.65,31.21
69.65987801551819,0.01,-0.59,0.79,0.0,-0.12,-1.46,-8.7,-6.3,31.06
69.71932625770569,0.01,-0.59,0.81,-0.18,-0.06,-1.46,-8.25,-5.7,31.51
69.77930212020874,0.01,-0.58,0.81,-0.24,-0.18,-1.46,-9.6,-6.75,31.51
69.83872413635254,0.02,-0.59,0.81,0.0,0.0,-1.59,-10.35,-6.0,30.91
69.89937710762024,0.01,-0.59,0.81,-0.12,-0.06,-1.46,-8.7,-8.7,32.71
69.95903658866882,0.02,-0.58,0.81,0.0,0.06,-1.46,-9.6,-5.7,33.01
70.0195517539978,0.01,-0.57,0.79,-0.06,-0.18,-1.46,-9.6,-6.75,31.51
70.07881879806519,0.02,-0.58,0.8,0.0,0.0,-1.4,-10.35,-7.8,31.51
70.13898801803589,0.01,-0.59,0.82,0.0,0.0,-1.52,-8.4,-7.35,30.61
70.19950318336487,0.01,-0.59,0.8,0.0,0.0,-1.4,-7.35,-5.1,31.36
70.25944566726685,0.01,-0.58,0.8,0.0,0.12,-1.46,-9.45,-5.85,31.36
70.31974864006042,0.01,-0.58,0.8,-0.12,-0.06,-1.52,-8.7,-6.9,33.76
70.37982964515686,0.02,-0.58,0.79,-0.12,-0.06,-1.46,-9.3,-6.45,31.51
70.43989062309265,0.01,-0.58,0.81,-0.12,-0.06,-1.4,-10.65,-6.9,32.71
70.5002989768982,0.02,-0.58,0.79,-0.12,-0.18,-1.4,-9.6,-6.45,32.56
70.5592041015625,0.02,-0.58,0.8,0.0,0.0,-1.46,-10.65,-7.65,31.06
70.6190083026886,0.02,-0.58,0.79,-0.12,-0.06,-1.46,-8.7,-6.3,31.36
70.67930817604065,0.02,-0.57,0.8,-0.06,-0.12,-1.46,-8.1,-5.85,32.41
70.74015092849731,0.01,-0.59,0.8,-0.06,-0.12,-1.52,-9.3,-6.45,32.26
70.79970812797546,0.02,-0.58,0.79,0.0,0.0,-1.46,-9.45,-6.9,31.66
70.85922265052795,0.02,-0.58,0.81,0.0,0.0,-1.4,-8.7,-7.35,31.06
70.91856670379639,0.01,-0.59,0.82,0.0,0.0,-1.52,-9.45,-8.1,30.61
70.9792263507843,0.01,-0.59,0.81,-0.12,-0.18,-1.4,-9.9,-5.85,32.11
71.03941226005554,0.01,-0.58,0.79,0.0,0.0,-1.52,-8.55,-6.0,31.51
71.09994292259216,0.01,-0.59,0.8,0.0,0.0,-1.52,-9.0,-6.75,31.51
71.15872526168823,0.01,-0.59,0.8,0.0,0.0,-1.52,-9.0,-5.7,31.51
71.22055101394653,0.01,-0.58,0.81,-0.06,-0.12,-1.46,-8.55,-6.0,32.26
71.27948713302612,0.02,-0.58,0.8,-0.12,-0.06,-1.46,-8.1,-6.6,31.66
71.33936262130737,0.01,-0.58,0.8,0.0,0.06,-1.4,-9.0,-5.7,31.21
71.39874792098999,0.02,-0.58,0.8,0.0,0.0,-1.4,-7.8,-6.75,32.26
71.45871162414551,0.02,-0.58,0.8,-0.06,-0.12,-1.46,-9.0,-6.0,33.61
71.51968359947205,0.02,-0.58,0.81,-0.06,-0.12,-1.52,-9.3,-5.4,31.96
71.57908606529236,0.02,-0.58,0.8,0.0,0.0,-1.4,-8.7,-6.3,31.06
71.6393973827362,0.02,-0.57,0.82,0.0,0.0,-1.46,-9.0,-7.2,32.26
71.69919538497925,0.01,-0.58,0.79,0.06,-0.12,-1.46,-8.4,-5.1,32.41
71.75905990600586,0.01,-0.59,0.8,-0.12,-0.18,-1.4,-10.2,-6.3,31.66
71.81842064857483,0.02,-0.58,0.79,0.0,0.0,-1.4,-8.1,-7.35,32.11
71.87934875488281,0.01,-0.58,0.79,-0.12,-0.24,-1.4,-9.6,-6.45,31.96
71.9389238357544,0.01,-0.58,0.81,-0.18,-0.24,-1.4,-9.6,-6.75,30.91
72.00024628639221,0.01,-0.58,0.8,0.0,0.0,-1.4,-9.15,-5.1,33.16
